frame,id,x,y,width,height,xVelocity,yVelocity,xAcceleration,yAcceleration,frontSightDistance,backSightDistance,dhw,thw,ttc,precedingXVelocity,precedingId,followingId,leftPrecedingId,leftAlongsideId,leftFollowingId,rightPrecedingId,rightAlongsideId,rightFollowingId,laneId
30556,2509,380.12,8.04,5.46,2.12,-16.35,0.17,0.99,0.09,382.31,25.87,22.98,1.4,31.3,-15.62,2500,0,2505,0,0,2498,0,0,3
30557,2509,379.47,8.05,5.46,2.12,-16.31,0.18,0.99,0.09,381.65,26.53,22.94,1.4,32.97,-15.62,2500,0,2505,0,0,2498,0,0,3
30558,2509,378.82,8.05,5.46,2.12,-16.27,0.18,0.98,0.09,381.0,27.19,22.92,1.4,34.74,-15.61,2500,0,2505,0,0,2498,0,0,3
30559,2509,378.17,8.06,5.46,2.12,-16.23,0.19,0.97,0.09,380.29,27.89,22.89,1.4,36.62,-15.61,2500,0,2505,0,0,2498,0,0,3
30560,2509,377.53,8.07,5.46,2.12,-16.19,0.19,0.96,0.09,379.73,28.45,22.87,1.41,38.59,-15.6,2500,0,2505,0,0,2498,0,0,3
30561,2509,376.89,8.07,5.46,2.12,-16.15,0.2,0.96,0.09,379.03,29.16,22.86,1.41,40.66,-15.59,2500,0,2505,0,0,2498,0,0,3
30562,2509,376.25,8.08,5.46,2.12,-16.12,0.2,0.95,0.09,378.47,29.71,22.85,1.41,42.81,-15.58,2500,0,2505,0,0,2498,0,0,3
30563,2509,375.61,8.09,5.46,2.12,-16.08,0.21,0.94,0.09,377.81,30.37,22.83,1.41,44.99,-15.57,2500,0,2505,0,0,2498,0,0,3
30564,2509,374.97,8.1,5.46,2.12,-16.04,0.21,0.94,0.09,377.16,31.03,22.82,1.42,47.21,-15.56,2500,0,2505,0,0,2498,0,0,3
30565,2509,374.32,8.11,5.46,2.12,-16.0,0.22,0.93,0.09,376.5,31.68,22.8,1.42,49.41,-15.54,2500,0,2505,0,0,2498,0,0,3
30566,2509,373.68,8.12,5.46,2.12,-15.97,0.22,0.92,0.09,375.84,32.34,22.79,1.42,51.58,-15.53,2500,0,2505,0,0,2498,0,0,3
30567,2509,373.04,8.13,5.46,2.12,-15.93,0.23,0.91,0.08,375.19,33.0,22.78,1.42,53.67,-15.51,2500,0,2505,0,0,2498,0,0,3
30568,2509,372.41,8.14,5.46,2.12,-15.89,0.23,0.91,0.08,374.58,33.6,22.78,1.43,55.64,-15.49,2500,0,2505,0,0,2498,0,0,3
30569,2509,371.77,8.14,5.46,2.12,-15.86,0.24,0.9,0.08,373.92,34.26,22.78,1.43,57.4,-15.46,2500,0,2505,0,0,2498,0,0,3
30570,2509,371.15,8.15,5.46,2.12,-15.82,0.24,0.89,0.08,373.32,34.87,22.8,1.43,58.92,-15.44,2500,0,2505,0,0,2498,0,0,3
30571,2509,370.52,8.16,5.46,2.12,-15.78,0.25,0.89,0.08,372.71,35.47,22.81,1.44,60.11,-15.41,2500,0,2505,0,0,2498,0,0,3
30572,2509,369.9,8.17,5.46,2.12,-15.75,0.25,0.88,0.08,372.1,36.08,22.82,1.44,60.94,-15.38,2500,2510,2505,0,0,2498,0,0,3
30573,2509,369.27,8.19,5.46,2.12,-15.71,0.26,0.87,0.07,371.45,36.74,22.84,1.45,61.37,-15.34,2500,2510,2505,0,0,2498,0,0,3
30574,2509,368.64,8.2,5.46,2.12,-15.68,0.26,0.87,0.07,370.74,37.44,22.85,1.45,61.36,-15.31,2500,2510,2505,0,0,2498,0,0,3
30575,2509,368.03,8.21,5.46,2.12,-15.64,0.27,0.86,0.07,370.23,37.95,22.87,1.46,60.96,-15.27,2500,2510,2505,0,0,2498,0,0,3
30576,2509,367.42,8.22,5.46,2.12,-15.61,0.27,0.85,0.06,369.58,38.6,22.89,1.46,60.15,-15.23,2500,2510,2505,0,0,2498,0,0,3
30577,2509,366.8,8.23,5.46,2.12,-15.58,0.27,0.85,0.06,368.97,39.21,22.91,1.46,58.96,-15.19,2500,2510,2505,0,0,2498,0,0,3
30578,2509,366.19,8.24,5.46,2.12,-15.54,0.28,0.84,0.06,368.36,39.82,22.93,1.47,57.46,-15.15,2500,2510,2505,0,0,2498,0,0,3
30579,2509,365.59,8.25,5.46,2.12,-15.51,0.28,0.84,0.05,367.81,40.37,22.94,1.47,55.69,-15.1,2500,2510,2505,0,0,2498,0,0,3
30580,2509,364.97,8.26,5.46,2.12,-15.48,0.29,0.84,0.05,367.15,41.03,22.95,1.48,53.7,-15.05,2500,2510,2505,0,0,2498,0,0,3
30581,2509,364.36,8.27,5.46,2.12,-15.44,0.29,0.83,0.05,366.6,41.59,22.96,1.48,51.58,-15.0,2500,2510,2505,0,0,2498,0,0,3
30582,2509,363.73,8.28,5.46,2.12,-15.41,0.29,0.83,0.04,365.84,42.34,22.96,1.48,49.35,-14.95,2500,2510,2505,0,0,2498,0,0,3
30583,2509,363.12,8.3,5.46,2.12,-15.38,0.3,0.83,0.04,365.23,42.95,22.96,1.49,47.1,-14.89,2500,2510,2505,0,0,2498,0,0,3
30584,2509,362.53,8.31,5.46,2.12,-15.34,0.3,0.83,0.03,364.73,43.46,22.97,1.49,44.87,-14.83,2500,2510,2505,0,0,2498,0,0,3
30585,2509,361.93,8.32,5.46,2.12,-15.31,0.3,0.83,0.03,364.17,44.01,22.97,1.49,42.65,-14.78,2500,2510,2505,0,0,2498,0,0,3
30586,2509,361.32,8.33,5.46,2.12,-15.28,0.31,0.83,0.02,363.51,44.67,22.96,1.5,40.48,-14.71,2500,2510,2505,0,0,2498,0,2512,3
30587,2509,360.7,8.34,5.46,2.12,-15.25,0.31,0.83,0.02,362.86,45.28,22.95,1.5,38.41,-14.65,2500,2510,2505,0,0,2498,0,2512,3
30588,2509,360.09,8.36,5.46,2.12,-15.21,0.31,0.83,0.01,362.25,45.89,22.93,1.5,36.43,-14.59,2500,2510,2505,0,0,2498,0,2512,3
30589,2509,359.48,8.37,5.46,2.12,-15.18,0.31,0.84,0.01,361.64,46.49,22.93,1.5,34.57,-14.52,2500,2510,2505,0,0,2498,0,2512,3
30590,2509,358.88,8.38,5.46,2.12,-15.15,0.31,0.84,0.0,361.04,47.1,22.92,1.51,32.8,-14.45,2500,2510,2505,0,0,2498,0,2512,3
30591,2509,358.28,8.4,5.46,2.12,-15.11,0.31,0.84,-0.0,360.43,47.75,22.91,1.51,31.14,-14.38,2500,2510,2505,0,0,2498,0,2512,3
30592,2509,357.69,8.41,5.46,2.12,-15.08,0.31,0.85,-0.01,359.87,48.31,22.9,1.51,29.58,-14.31,2500,2510,2505,0,0,2498,0,2512,3
30593,2509,357.09,8.42,5.46,2.12,-15.05,0.32,0.86,-0.02,359.32,48.86,22.88,1.51,28.13,-14.24,2500,2510,2505,0,0,2498,0,2512,3
30594,2509,356.49,8.44,5.46,2.12,-15.01,0.32,0.87,-0.02,358.66,49.47,22.87,1.52,26.77,-14.16,2500,2510,2505,0,0,2498,0,2512,3
30595,2509,355.89,8.45,5.46,2.12,-14.98,0.31,0.88,-0.03,358.11,50.03,22.85,1.52,25.51,-14.09,2500,2510,2505,0,0,2498,0,2512,3
30596,2509,355.29,8.46,5.46,2.12,-14.94,0.31,0.89,-0.03,357.45,50.63,22.81,1.52,24.31,-14.01,2500,2510,2505,0,0,2498,0,2512,3
30597,2509,354.68,8.48,5.46,2.12,-14.91,0.31,0.9,-0.04,356.89,51.19,22.76,1.52,23.2,-13.93,2500,2510,2505,0,0,2498,0,2512,3
30598,2509,354.08,8.49,5.46,2.12,-14.87,0.31,0.91,-0.05,356.24,51.84,22.71,1.52,22.17,-13.85,2500,2510,2505,0,0,2498,0,2512,3
30599,2509,353.47,8.5,5.46,2.12,-14.84,0.31,0.92,-0.05,355.63,52.45,22.67,1.52,21.21,-13.77,2500,2510,2505,0,0,2498,0,2512,3
30600,2509,352.87,8.52,5.46,2.12,-14.8,0.31,0.94,-0.06,355.02,53.06,22.63,1.52,20.33,-13.69,2500,2510,2505,0,0,2498,0,2512,3
30601,2509,352.28,8.53,5.46,2.12,-14.76,0.3,0.95,-0.06,354.47,53.61,22.58,1.52,19.51,-13.61,2500,2510,2505,0,0,2498,0,2512,3
30602,2509,351.68,8.54,5.46,2.12,-14.73,0.3,0.97,-0.07,353.86,54.22,22.52,1.52,18.74,-13.53,2500,2510,2505,0,0,2498,0,2512,3
30603,2509,351.09,8.55,5.46,2.12,-14.69,0.3,0.98,-0.08,353.26,54.83,22.46,1.52,18.03,-13.45,2500,2510,2505,0,0,2498,0,2512,3
30604,2509,350.5,8.57,5.46,2.12,-14.65,0.29,1.0,-0.08,352.65,55.43,22.4,1.52,17.36,-13.36,2500,2510,2505,0,0,2498,0,2512,3
30605,2509,349.91,8.58,5.46,2.12,-14.61,0.29,1.02,-0.09,352.04,56.04,22.34,1.52,16.75,-13.28,2500,2510,2505,0,0,2498,0,2512,3
30606,2509,349.34,8.59,5.46,2.12,-14.57,0.28,1.03,-0.09,351.54,56.54,22.29,1.52,16.19,-13.2,2500,2510,2505,0,0,2498,0,2512,3
30607,2509,348.76,8.6,5.46,2.12,-14.53,0.28,1.05,-0.1,350.93,57.1,22.23,1.52,15.66,-13.11,2500,2510,2505,0,0,2498,0,2512,3
30608,2509,348.18,8.62,5.46,2.12,-14.49,0.27,1.07,-0.1,350.38,57.6,22.17,1.52,15.17,-13.03,2500,2510,2505,0,0,2498,0,2512,3
30609,2509,347.6,8.63,5.46,2.12,-14.44,0.27,1.09,-0.11,349.77,58.21,22.11,1.52,14.72,-12.95,2500,2510,2505,0,0,2498,0,2512,3
30610,2509,347.02,8.64,5.46,2.12,-14.4,0.26,1.11,-0.11,349.21,58.77,22.04,1.52,14.29,-12.86,2500,2510,2505,0,0,2498,0,2512,3
30611,2509,346.44,8.65,5.46,2.12,-14.36,0.26,1.13,-0.12,348.61,59.37,21.97,1.52,13.89,-12.78,2500,2510,2505,0,0,2498,0,2512,3
30612,2509,345.86,8.66,5.46,2.12,-14.31,0.25,1.16,-0.12,348.05,59.93,21.89,1.52,13.52,-12.7,2500,2510,2505,0,0,2498,0,2512,3
30613,2509,345.28,8.67,5.46,2.12,-14.26,0.24,1.18,-0.13,347.49,60.44,21.8,1.52,13.17,-12.62,2500,2510,2505,0,0,2498,0,2512,3
30614,2509,344.7,8.68,5.46,2.12,-14.22,0.23,1.2,-0.13,346.84,61.04,21.7,1.52,12.84,-12.54,2500,2510,2505,0,0,2498,0,2512,3
30615,2509,344.12,8.69,5.46,2.12,-14.17,0.23,1.23,-0.13,346.28,61.6,21.61,1.52,12.54,-12.45,2500,2510,2505,0,0,2498,0,2512,3
30616,2509,343.55,8.7,5.46,2.12,-14.12,0.22,1.25,-0.14,345.73,62.15,21.52,1.52,12.26,-12.37,2500,2510,2505,0,0,2498,0,2512,3
30617,2509,342.98,8.71,5.46,2.12,-14.07,0.21,1.27,-0.14,345.17,62.71,21.43,1.52,12.0,-12.29,2500,2510,2505,0,0,2498,0,2512,3
30618,2509,342.41,8.72,5.46,2.12,-14.02,0.2,1.3,-0.14,344.67,63.21,21.34,1.51,11.76,-12.21,2500,2510,2505,0,0,2498,0,2512,3
30619,2509,341.83,8.73,5.46,2.12,-13.97,0.19,1.32,-0.15,344.01,63.87,21.24,1.51,11.54,-12.14,2500,2510,2505,0,0,2498,0,2512,3
30620,2509,341.25,8.73,5.46,2.12,-13.92,0.18,1.35,-0.15,343.35,64.53,21.13,1.51,11.33,-12.06,2500,2510,2505,0,0,2498,0,2512,3
30621,2509,340.68,8.74,5.46,2.12,-13.86,0.18,1.37,-0.15,342.85,65.03,21.03,1.51,11.14,-11.98,2500,2510,2505,0,0,2498,0,2512,3
30622,2509,340.12,8.75,5.46,2.12,-13.81,0.17,1.4,-0.15,342.34,65.54,20.93,1.51,10.97,-11.91,2500,2510,2505,0,0,2498,0,2512,3
30623,2509,339.55,8.76,5.46,2.12,-13.75,0.16,1.42,-0.15,341.68,66.19,20.82,1.51,10.81,-11.83,2500,2510,2505,0,0,2498,0,2512,3
30624,2509,338.98,8.76,5.46,2.12,-13.69,0.15,1.45,-0.15,341.13,66.75,20.72,1.51,10.67,-11.76,2500,2510,2505,0,2513,2498,0,2512,3
30625,2509,338.43,8.77,5.46,2.12,-13.64,0.14,1.47,-0.15,340.57,67.31,20.63,1.51,10.54,-11.69,2500,2510,2505,0,2513,2498,0,2512,3
30626,2509,337.88,8.77,5.46,2.12,-13.58,0.13,1.49,-0.15,340.07,67.81,20.55,1.51,10.44,-11.62,2500,2510,2505,0,2513,2498,0,2512,3
30627,2509,337.33,8.78,5.46,2.12,-13.52,0.12,1.52,-0.15,339.51,68.37,20.47,1.51,10.34,-11.55,2500,2510,2505,0,2513,2498,0,2512,3
30628,2509,336.78,8.78,5.46,2.12,-13.46,0.12,1.54,-0.15,338.96,68.98,20.38,1.51,10.26,-11.48,2500,2510,2505,0,2513,2498,0,2512,3
30629,2509,336.24,8.78,5.46,2.12,-13.39,0.11,1.56,-0.15,338.4,69.53,20.29,1.51,10.18,-11.41,2500,2510,2505,0,2513,2498,0,2512,3
30630,2509,335.7,8.79,5.46,2.12,-13.33,0.1,1.58,-0.15,337.89,70.04,20.21,1.51,10.12,-11.34,2500,2510,2505,0,2513,2498,0,2512,3
30631,2509,335.15,8.79,5.46,2.12,-13.27,0.09,1.6,-0.15,337.34,70.54,20.12,1.51,10.07,-11.28,2500,2510,2505,0,2513,2498,0,2512,3
30632,2509,334.61,8.79,5.46,2.12,-13.2,0.08,1.62,-0.14,336.73,71.2,20.03,1.51,10.03,-11.22,2500,2510,2505,0,2513,2498,0,2512,3
30633,2509,334.08,8.8,5.46,2.12,-13.14,0.08,1.64,-0.14,336.23,71.75,19.95,1.51,10.0,-11.15,2500,2510,2505,0,2513,2498,0,2512,3
30634,2509,333.56,8.8,5.46,2.12,-13.07,0.07,1.65,-0.14,335.77,72.21,19.87,1.51,9.99,-11.09,2500,2510,2505,0,2513,2498,0,2512,3
30635,2509,333.03,8.8,5.46,2.12,-13.01,0.06,1.67,-0.14,335.17,72.81,40.04,3.07,4.41,-3.95,2495,2510,2500,0,2513,2498,0,2512,3
30636,2509,332.51,8.8,5.46,2.12,-12.94,0.06,1.68,-0.14,334.71,73.27,39.68,3.06,4.37,-3.88,2495,2510,2500,0,2513,2498,0,2512,3
30637,2509,332.0,8.8,5.46,2.12,-12.87,0.05,1.7,-0.13,334.15,73.72,39.32,3.05,4.33,-3.82,2495,2510,2500,0,2513,2498,0,2512,3
30638,2509,331.48,8.8,5.46,2.12,-12.8,0.04,1.71,-0.13,333.6,74.38,38.95,3.03,4.3,-3.77,2495,2510,2500,0,2513,2498,0,2512,3
30639,2509,330.98,8.81,5.46,2.12,-12.73,0.04,1.72,-0.13,333.14,74.83,38.59,3.02,4.26,-3.71,2495,2510,2500,0,2513,2498,0,2512,3
30640,2509,330.49,8.81,5.46,2.12,-12.66,0.03,1.74,-0.12,332.69,75.29,38.24,3.01,4.23,-3.65,2495,2510,2500,0,2513,2498,0,2512,3
30641,2509,329.99,8.81,5.46,2.12,-12.6,0.03,1.75,-0.12,332.18,75.8,37.87,3.0,4.2,-3.6,2495,2510,2500,0,2513,2498,0,2512,3
30642,2509,329.49,8.81,5.46,2.12,-12.52,0.02,1.76,-0.12,331.68,76.3,37.49,2.99,4.16,-3.55,2495,2510,2500,0,2513,2498,0,2512,3
30643,2509,328.99,8.81,5.46,2.12,-12.45,0.02,1.77,-0.11,331.17,76.81,37.12,2.97,4.13,-3.5,2495,2510,2500,0,2513,2498,0,2512,3
30644,2509,328.49,8.81,5.46,2.12,-12.38,0.01,1.78,-0.11,330.67,77.31,36.75,2.96,4.1,-3.45,2495,2510,2500,0,2513,2498,0,2512,3
30645,2509,327.99,8.81,5.46,2.12,-12.31,0.01,1.78,-0.11,330.16,77.82,36.38,2.95,4.07,-3.4,2495,2510,2500,0,2513,2498,0,2512,3
30646,2509,327.5,8.81,5.46,2.12,-12.24,0.0,1.79,-0.11,329.66,78.32,36.01,2.93,4.04,-3.36,2495,2510,2500,0,2513,2498,0,2512,3
30647,2509,327.01,8.81,5.46,2.12,-12.17,-0.0,1.8,-0.1,329.15,78.83,35.65,2.92,4.01,-3.31,2495,2510,2500,0,2513,2498,0,2512,3
30648,2509,326.53,8.81,5.46,2.12,-12.1,-0.01,1.8,-0.1,328.7,79.33,35.29,2.91,3.99,-3.27,2495,2510,2500,0,2513,2498,0,2512,3
30649,2509,326.05,8.81,5.46,2.12,-12.02,-0.01,1.81,-0.1,328.24,79.84,34.93,2.9,3.96,-3.23,2495,2510,2500,0,2513,2498,0,2512,3
30650,2509,325.57,8.81,5.46,2.12,-11.95,-0.01,1.81,-0.09,327.74,80.34,34.57,2.88,3.94,-3.2,2495,2510,2500,0,2513,2498,0,2512,3
30651,2509,325.09,8.81,5.46,2.12,-11.88,-0.02,1.81,-0.09,327.23,80.85,34.2,2.87,3.91,-3.16,2495,2510,2500,0,2513,2498,0,2512,3
30652,2509,324.62,8.8,5.46,2.12,-11.81,-0.02,1.82,-0.09,326.78,81.3,33.84,2.86,3.89,-3.13,2495,2510,2500,0,2513,2498,0,2512,3
30653,2509,324.16,8.8,5.46,2.12,-11.73,-0.02,1.82,-0.08,326.32,81.76,33.49,2.85,3.87,-3.1,2495,2510,2500,0,2513,2498,0,2512,3
30654,2509,323.7,8.8,5.46,2.12,-11.66,-0.03,1.82,-0.08,325.92,82.16,33.14,2.83,3.84,-3.07,2495,2510,2500,0,2513,2498,0,2512,3
30655,2509,323.24,8.8,5.46,2.12,-11.59,-0.03,1.82,-0.08,325.41,82.67,32.79,2.82,3.82,-3.04,2495,2510,2500,0,2513,2498,0,2512,3
30656,2509,322.78,8.8,5.46,2.12,-11.51,-0.03,1.82,-0.07,324.96,83.12,32.45,2.81,3.81,-3.01,2495,2510,2500,0,2513,2498,0,2512,3
30657,2509,322.33,8.8,5.46,2.12,-11.44,-0.04,1.82,-0.07,324.5,83.58,32.11,2.8,3.79,-2.99,2495,2510,2500,0,2513,2498,0,2512,3
30658,2509,321.87,8.8,5.46,2.12,-11.37,-0.04,1.82,-0.07,324.05,84.03,31.77,2.79,3.77,-2.97,2495,2510,2500,0,2513,2498,0,2512,3
30659,2509,321.42,8.8,5.46,2.12,-11.29,-0.04,1.82,-0.06,323.59,84.49,31.42,2.77,3.75,-2.95,2495,2510,2500,0,2513,2498,0,2512,3
30660,2509,320.97,8.79,5.46,2.12,-11.22,-0.04,1.82,-0.06,323.14,84.94,31.08,2.76,3.74,-2.93,2495,2510,2500,0,2513,2498,0,2512,3
30661,2509,320.53,8.79,5.46,2.12,-11.15,-0.05,1.81,-0.06,322.68,85.4,30.74,2.75,3.72,-2.91,2495,2510,2500,0,2513,2498,0,2512,3
30662,2509,320.09,8.79,5.46,2.12,-11.08,-0.05,1.81,-0.06,322.23,85.85,30.41,2.74,3.7,-2.9,2495,2510,2500,0,2513,2498,0,2512,3
30663,2509,319.66,8.79,5.46,2.12,-11.0,-0.05,1.81,-0.05,321.88,86.2,30.09,2.73,3.69,-2.88,2495,2510,2500,0,2513,2498,0,2512,3
30664,2509,319.22,8.79,5.46,2.12,-10.93,-0.05,1.8,-0.05,321.37,86.71,29.76,2.71,3.68,-2.87,2495,2510,2500,0,2513,2498,0,2512,3
30665,2509,318.79,8.78,5.46,2.12,-10.86,-0.06,1.8,-0.05,320.97,87.11,29.45,2.7,3.67,-2.86,2495,2510,2500,0,2513,2498,0,2512,3
30666,2509,318.36,8.78,5.46,2.12,-10.79,-0.06,1.8,-0.04,320.51,87.57,29.14,2.69,3.66,-2.85,2495,2510,2500,0,2513,2498,0,2512,3
30667,2509,317.94,8.78,5.46,2.12,-10.71,-0.06,1.79,-0.04,320.11,87.97,28.84,2.68,3.65,-2.84,2495,2510,2500,0,2513,2498,0,2512,3
30668,2509,317.52,8.78,5.46,2.12,-10.64,-0.06,1.79,-0.04,319.7,88.43,28.53,2.67,3.64,-2.84,2495,2510,2500,0,2513,2498,0,2512,3
30669,2509,317.11,8.78,5.46,2.12,-10.57,-0.06,1.78,-0.03,319.3,88.83,28.23,2.66,3.64,-2.84,2495,2510,2500,0,2513,2498,0,2512,3
30670,2509,316.69,8.77,5.46,2.12,-10.5,-0.06,1.78,-0.03,318.89,89.24,27.93,2.65,3.63,-2.83,2495,2510,2500,0,2513,2498,0,2512,3
30671,2509,316.27,8.77,5.46,2.12,-10.43,-0.07,1.77,-0.03,318.44,89.64,27.62,2.64,3.62,-2.83,2495,2510,2500,0,2513,2498,0,2512,3
30672,2509,315.85,8.77,5.46,2.12,-10.36,-0.07,1.77,-0.02,318.04,90.04,27.33,2.63,3.62,-2.83,2495,2510,2500,0,2513,2498,0,2512,3
30673,2509,315.43,8.76,5.46,2.12,-10.29,-0.07,1.76,-0.02,317.58,90.5,27.03,2.62,3.61,-2.83,2495,2510,2500,0,2513,2498,0,2512,3
30674,2509,315.02,8.76,5.46,2.12,-10.22,-0.07,1.76,-0.02,317.18,90.9,26.74,2.61,3.61,-2.84,2495,2510,2500,0,2513,2498,0,2512,3
30675,2509,314.62,8.76,5.46,2.12,-10.15,-0.07,1.75,-0.01,316.77,91.31,26.45,2.6,3.61,-2.84,2495,2510,2500,0,2513,2498,0,2512,3
30676,2509,314.22,8.75,5.46,2.12,-10.08,-0.07,1.75,-0.01,316.37,91.71,26.17,2.59,3.61,-2.85,2495,2510,2500,0,2513,2498,0,2512,3
30677,2509,313.84,8.75,5.46,2.12,-10.01,-0.07,1.74,-0.01,316.01,92.07,25.89,2.58,3.61,-2.85,2495,2510,2500,2513,0,2498,0,2512,3
30678,2509,313.45,8.75,5.46,2.12,-9.94,-0.07,1.74,-0.01,315.66,92.42,25.61,2.57,3.61,-2.86,2495,2510,2500,2513,0,2498,0,2512,3
30679,2509,313.06,8.74,5.46,2.12,-9.87,-0.07,1.73,-0.0,315.26,92.82,25.33,2.56,3.61,-2.87,2495,2510,2500,2513,0,2498,0,2512,3
30680,2509,312.67,8.74,5.46,2.12,-9.8,-0.07,1.73,0.0,314.85,93.23,25.06,2.55,3.61,-2.88,2495,2510,2500,2513,0,2498,0,2512,3
30681,2509,312.27,8.74,5.46,2.12,-9.73,-0.07,1.72,0.0,314.45,93.63,24.79,2.54,3.61,-2.89,2495,2510,2500,2513,0,2498,0,2512,3
30682,2509,311.88,8.73,5.46,2.12,-9.66,-0.07,1.72,0.01,314.04,94.04,24.51,2.53,3.61,-2.91,2495,2510,2500,2513,0,2498,0,2512,3
30683,2509,311.5,8.73,5.46,2.12,-9.59,-0.06,1.71,0.01,313.69,94.39,24.23,2.52,3.62,-2.92,2495,2510,2500,2513,0,2498,0,2512,3
30684,2509,311.11,8.73,5.46,2.12,-9.52,-0.06,1.71,0.01,313.29,94.79,23.96,2.51,3.62,-2.94,2495,2510,2500,2513,0,2498,0,2512,3
30685,2509,310.73,8.73,5.46,2.12,-9.45,-0.06,1.71,0.01,312.88,95.3,23.69,2.5,3.63,-2.95,2495,2510,2500,2513,0,2498,0,2512,3
30686,2509,310.36,8.72,5.46,2.12,-9.39,-0.06,1.7,0.01,312.58,95.6,23.43,2.49,3.64,-2.97,2495,2510,2500,2513,0,2498,0,2512,3
30687,2509,309.98,8.72,5.46,2.12,-9.32,-0.06,1.7,0.02,312.17,96.01,23.17,2.48,3.65,-2.99,2495,2510,2500,2513,0,2498,0,2512,3
30688,2509,309.6,8.72,5.46,2.12,-9.25,-0.06,1.7,0.02,311.77,96.41,22.91,2.47,3.65,-3.01,2495,2510,2500,2513,0,2498,0,2512,3
30689,2509,309.22,8.72,5.46,2.12,-9.18,-0.05,1.69,0.02,311.42,96.76,22.65,2.46,3.66,-3.03,2495,2510,2500,2513,0,2498,0,2512,3
30690,2509,308.83,8.71,5.46,2.12,-9.11,-0.05,1.69,0.02,310.96,97.22,22.39,2.45,3.68,-3.05,2495,2510,2500,2513,0,2498,0,2512,3
30691,2509,308.46,8.71,5.46,2.12,-9.05,-0.05,1.68,0.02,310.61,97.57,22.14,2.44,3.69,-3.07,2495,2510,2500,2513,0,2498,0,2512,3
30692,2509,308.1,8.71,5.46,2.12,-8.98,-0.05,1.68,0.02,310.25,97.93,21.9,2.43,3.71,-3.1,2495,2510,2500,2513,0,2498,0,2512,3
30693,2509,307.74,8.71,5.46,2.12,-8.91,-0.05,1.68,0.03,309.9,98.33,21.66,2.42,3.72,-3.12,2495,2510,2500,2513,0,2498,0,2512,3
30694,2509,307.39,8.71,5.46,2.12,-8.85,-0.04,1.67,0.03,309.6,98.58,21.44,2.41,3.74,-3.15,2495,2510,2500,2513,0,2498,0,2512,3
30695,2509,307.03,8.71,5.46,2.12,-8.78,-0.04,1.67,0.03,309.19,99.04,21.2,2.4,3.76,-3.17,2495,2510,2500,2513,2518,2498,0,2512,3
30696,2509,306.67,8.7,5.46,2.12,-8.71,-0.04,1.66,0.03,308.89,99.39,20.97,2.4,3.79,-3.2,2495,2510,2500,2513,2518,2498,0,2512,3
30697,2509,306.32,8.7,5.46,2.12,-8.64,-0.04,1.66,0.03,308.44,99.85,20.75,2.39,3.81,-3.23,2495,2510,2500,2513,2518,2498,0,2512,3
30698,2509,305.97,8.7,5.46,2.12,-8.58,-0.04,1.65,0.03,308.13,100.15,20.53,2.38,3.84,-3.25,2495,2510,2500,2513,2518,2498,0,2512,3
30699,2509,305.63,8.7,5.46,2.12,-8.51,-0.03,1.64,0.03,307.83,100.45,20.32,2.38,3.87,-3.28,2495,2510,2500,2513,2518,2498,0,2512,3
30700,2509,305.28,8.7,5.46,2.12,-8.45,-0.03,1.64,0.03,307.42,100.86,20.12,2.37,3.9,-3.31,2495,2510,2500,2513,2518,2498,0,2512,3
30701,2509,304.94,8.7,5.46,2.12,-8.38,-0.03,1.63,0.03,307.12,101.16,19.91,2.36,3.93,-3.34,2495,2510,2500,2513,2518,2498,0,2512,3
30702,2509,304.61,8.7,5.46,2.12,-8.32,-0.03,1.62,0.03,306.77,101.51,19.72,2.36,3.97,-3.37,2495,2510,2500,2513,2518,2498,0,2512,3
30703,2509,304.28,8.7,5.46,2.12,-8.25,-0.03,1.61,0.03,306.46,101.82,19.53,2.35,4.01,-3.4,2495,2510,2500,2513,2518,2498,0,2512,3
30704,2509,303.95,8.7,5.46,2.12,-8.19,-0.02,1.61,0.03,306.16,102.12,19.34,2.35,4.05,-3.43,2495,2510,2500,2513,2518,2498,0,2512,3
30705,2509,303.62,8.69,5.46,2.12,-8.12,-0.02,1.6,0.03,305.76,102.53,19.15,2.35,4.09,-3.46,2495,2510,2500,2513,2518,2498,0,2512,3
30706,2509,303.29,8.69,5.46,2.12,-8.06,-0.02,1.59,0.03,305.5,102.78,18.97,2.34,4.14,-3.5,2495,2510,2500,2513,2518,2498,0,2512,3
30707,2509,302.96,8.69,5.46,2.12,-7.99,-0.02,1.58,0.03,305.1,103.18,18.79,2.34,4.19,-3.53,2495,2510,2500,2513,2518,2498,0,2512,3
30708,2509,302.64,8.69,5.46,2.12,-7.93,-0.02,1.57,0.03,304.8,103.49,18.62,2.33,4.24,-3.56,2495,2510,2500,2513,2518,2498,0,2512,3
30709,2509,302.32,8.69,5.46,2.12,-7.87,-0.01,1.56,0.03,304.49,103.79,18.45,2.33,4.29,-3.59,2495,2510,2500,2513,2518,2498,0,2512,3
30710,2509,302.01,8.69,5.46,2.12,-7.8,-0.01,1.54,0.03,304.19,104.09,18.28,2.33,4.35,-3.63,2495,2510,2500,2513,2518,2498,0,2512,3
30711,2509,301.7,8.69,5.46,2.12,-7.74,-0.01,1.53,0.02,303.89,104.45,18.11,2.33,4.41,-3.66,2495,2510,2500,2513,2518,2498,0,2512,3
30712,2509,301.38,8.69,5.46,2.12,-7.68,-0.01,1.52,0.02,303.53,104.8,17.94,2.32,4.48,-3.7,2495,2510,2500,2513,2518,2498,0,2512,3
30713,2509,301.07,8.69,5.46,2.12,-7.62,-0.01,1.5,0.02,303.18,105.16,17.78,2.32,4.54,-3.73,2495,2510,2500,2513,2518,2498,0,2512,3
30714,2509,300.78,8.69,5.46,2.12,-7.56,-0.01,1.49,0.02,302.98,105.41,17.64,2.32,4.62,-3.77,2495,2510,2500,2513,2518,2498,0,2512,3
30715,2509,300.48,8.69,5.46,2.12,-7.5,-0.01,1.48,0.02,302.67,105.71,17.5,2.32,4.7,-3.8,2495,2510,2500,2513,2518,2498,0,2512,3
30716,2509,300.18,8.69,5.46,2.12,-7.44,-0.01,1.46,0.02,302.37,106.01,17.36,2.32,4.79,-3.84,2495,2510,2500,2513,2518,2498,0,2512,3
30717,2509,299.89,8.69,5.46,2.12,-7.38,-0.01,1.44,0.02,302.07,106.32,17.22,2.32,4.88,-3.87,2495,2510,2500,2513,2518,2487,2498,2512,3
30718,2509,299.59,8.69,5.46,2.12,-7.32,-0.0,1.43,0.02,301.77,106.62,17.09,2.32,4.97,-3.91,2495,2510,2500,2513,2518,2487,2498,2512,3
30719,2509,299.3,8.69,5.46,2.12,-7.27,-0.0,1.41,0.02,301.46,106.92,16.96,2.32,5.07,-3.94,2495,2510,2500,2513,2518,2487,2498,2512,3
30720,2509,299.0,8.69,5.46,2.12,-7.21,-0.0,1.39,0.02,301.16,107.22,16.83,2.32,5.18,-3.98,2495,2510,2500,2513,2518,2487,2498,2512,3
30721,2509,298.72,8.69,5.46,2.12,-7.15,-0.0,1.37,0.02,300.86,107.53,16.71,2.32,5.29,-4.02,2495,2510,2500,2513,2518,2487,2498,2512,3
30722,2509,298.44,8.69,5.46,2.12,-7.1,-0.0,1.35,0.02,300.65,107.78,16.6,2.32,5.42,-4.05,2495,2510,2500,2513,2518,2487,2498,2512,3
30723,2509,298.16,8.69,5.46,2.12,-7.04,-0.0,1.33,0.01,300.3,108.18,16.49,2.33,5.55,-4.09,2495,2510,2500,2513,2518,2487,2498,2512,3
30724,2509,297.88,8.69,5.46,2.12,-6.99,-0.0,1.31,0.01,300.05,108.44,16.37,2.33,5.68,-4.13,2495,2510,2500,2513,2518,2487,2498,2512,3
30725,2509,297.61,8.69,5.46,2.12,-6.94,-0.0,1.29,0.01,299.79,108.69,16.25,2.33,5.82,-4.17,2495,2510,2500,2513,2518,2487,2498,2512,3
30726,2509,297.34,8.69,5.46,2.12,-6.89,-0.0,1.27,0.01,299.54,108.94,16.14,2.33,5.98,-4.2,2495,2510,2500,2513,2518,2487,2498,2512,3
30727,2509,297.06,8.69,5.46,2.12,-6.84,-0.0,1.25,0.01,299.24,109.25,16.03,2.33,6.14,-4.24,2495,2510,2500,2513,2518,2487,2498,2512,3
30728,2509,296.79,8.69,5.46,2.12,-6.79,-0.0,1.23,0.01,298.94,109.55,15.93,2.33,6.32,-4.28,2495,2510,2500,2513,2518,2487,2498,2512,3
30729,2509,296.53,8.69,5.46,2.12,-6.74,0.0,1.21,0.01,298.68,109.8,15.84,2.34,6.51,-4.32,2495,2510,2500,2513,2518,2487,2498,2512,3
30730,2509,296.27,8.69,5.46,2.12,-6.69,0.0,1.18,0.01,298.43,110.05,15.75,2.34,6.72,-4.36,2495,2510,2500,2513,2518,2487,2498,2512,3
30731,2509,296.01,8.69,5.46,2.12,-6.64,0.0,1.16,0.01,298.23,110.26,15.67,2.34,6.94,-4.4,2495,2510,2500,2513,2518,2487,2498,2512,3
30732,2509,295.74,8.69,5.46,2.12,-6.59,0.0,1.14,0.01,297.87,110.71,15.58,2.35,7.17,-4.43,2495,2510,2500,2513,2518,2487,2498,2512,3
30733,2509,295.49,8.69,5.46,2.12,-6.55,0.0,1.11,0.01,297.67,110.81,15.51,2.35,7.43,-4.47,2495,2510,2513,0,2518,2487,2498,2512,3
30734,2509,295.24,8.69,5.46,2.12,-6.5,0.0,1.09,0.01,297.42,111.06,15.44,2.36,7.71,-4.51,2495,2510,2513,0,2518,2487,2498,2512,3
30735,2509,294.98,8.69,5.46,2.12,-6.46,0.0,1.06,0.01,297.17,111.42,15.37,2.36,8.01,-4.55,2495,2510,2513,0,2518,2487,2498,2512,3
30736,2509,294.73,8.69,5.46,2.12,-6.42,0.0,1.04,0.01,296.91,111.67,15.31,2.37,8.33,-4.59,2495,2510,2513,0,2518,2487,2498,2512,3
30737,2509,294.47,8.69,5.46,2.12,-6.38,0.0,1.02,0.01,296.61,111.97,15.24,2.37,8.68,-4.63,2495,2510,2513,0,2518,2487,2498,2512,3
30738,2509,294.22,8.69,5.46,2.12,-6.34,0.0,0.99,0.01,296.41,112.18,15.17,2.38,9.06,-4.67,2495,2510,2513,0,2518,2487,2498,2512,3
30739,2509,293.97,8.69,5.46,2.12,-6.3,0.0,0.97,0.0,296.16,112.43,15.11,2.38,9.48,-4.71,2495,2510,2513,0,2518,2477,2498,2512,3
30740,2509,293.73,8.69,5.46,2.12,-6.26,0.0,0.94,0.0,295.9,112.68,15.05,2.39,9.93,-4.75,2495,2510,2513,0,2518,2477,2498,2512,3
30741,2509,293.48,8.69,5.46,2.12,-6.22,0.0,0.92,0.0,295.65,113.04,15.0,2.39,10.44,-4.79,2495,2510,2513,0,2518,2477,2498,2512,3
30742,2509,293.23,8.69,5.46,2.12,-6.18,0.0,0.89,0.0,295.4,113.29,14.94,2.4,10.99,-4.83,2495,2510,2513,0,2518,2477,2498,2512,3
30743,2509,292.99,8.69,5.46,2.12,-6.15,-0.0,0.87,0.0,295.2,113.49,14.88,2.41,11.6,-4.87,2495,2510,2513,0,2518,2477,2498,2512,3
30744,2509,292.74,8.69,5.46,2.12,-6.11,-0.0,0.84,0.0,294.89,113.79,14.83,2.41,12.29,-4.91,2495,2510,2513,0,2518,2477,2498,2512,3
30745,2509,292.49,8.69,5.46,2.12,-6.08,-0.0,0.82,0.0,294.64,114.15,14.78,2.41,13.06,-4.95,2495,2510,2513,0,2518,2477,2498,2512,3
30746,2509,292.25,8.69,5.46,2.12,-6.05,-0.0,0.79,0.0,294.44,114.35,14.73,2.42,13.93,-5.0,2495,2510,2513,0,2518,2477,2498,2512,3
30747,2509,292.01,8.69,5.46,2.12,-6.01,0.0,0.77,0.0,294.19,114.6,14.69,2.43,14.93,-5.04,2495,2510,2513,0,2518,2477,2498,2512,3
30748,2509,291.78,8.69,5.46,2.12,-5.98,0.0,0.74,0.0,293.98,114.8,14.66,2.43,16.07,-5.08,2495,2510,2513,0,2518,2477,2498,2512,3
30749,2509,291.53,8.69,5.46,2.12,-5.95,0.0,0.72,0.0,293.68,115.11,14.61,2.44,17.4,-5.12,2495,2510,2513,0,2518,2477,2498,2512,3
30750,2509,291.29,8.69,5.46,2.12,-5.92,0.0,0.69,0.0,293.48,115.31,14.58,2.44,18.95,-5.16,2495,2510,2513,0,2518,2477,2498,2512,3
30751,2509,291.05,8.69,5.46,2.12,-5.9,0.0,0.67,0.0,293.23,115.56,14.54,2.45,20.78,-5.2,2495,2510,2513,0,2518,2477,2498,2512,3
30752,2509,290.82,8.69,5.46,2.12,-5.87,0.0,0.64,0.0,292.97,115.92,14.51,2.45,23.0,-5.24,2495,2510,2513,0,2518,2477,2498,2512,3
30753,2509,290.58,8.69,5.46,2.12,-5.84,0.0,0.62,0.0,292.77,116.12,14.47,2.46,25.72,-5.29,2495,2510,2513,0,2518,2477,2498,2512,3
30754,2509,290.34,8.69,5.46,2.12,-5.82,0.0,0.59,0.0,292.52,116.37,14.45,2.47,29.15,-5.33,2495,2510,2513,0,2518,2477,2487,2498,3
30755,2509,290.11,8.69,5.46,2.12,-5.8,0.0,0.57,0.0,292.27,116.62,14.42,2.47,33.58,-5.37,2495,2510,2513,0,2518,2477,2487,2498,3
30756,2509,289.88,8.69,5.46,2.12,-5.77,0.0,0.54,0.0,292.06,116.83,14.41,2.48,39.53,-5.41,2495,2510,2513,0,2518,2477,2487,2498,3
30757,2509,289.64,8.69,5.46,2.12,-5.75,0.0,0.52,0.0,291.81,117.08,14.39,2.49,47.92,-5.45,2495,2510,2513,0,2518,2477,2487,2498,3
30758,2509,289.41,8.69,5.46,2.12,-5.73,0.0,0.49,0.0,291.61,117.28,14.38,2.49,60.62,-5.49,2495,2510,2513,0,2518,2477,2487,2498,3
30759,2509,289.18,8.69,5.46,2.12,-5.71,0.0,0.47,0.0,291.36,117.53,14.37,2.5,82.03,-5.54,2495,2510,2513,0,2518,2477,2487,2498,3
30760,2509,288.95,8.69,5.46,2.12,-5.69,0.0,0.44,0.0,291.1,117.79,14.36,2.5,125.81,-5.58,2495,2510,2513,0,2518,2477,2487,2498,3
30761,2509,288.72,8.69,5.46,2.12,-5.67,0.0,0.41,0.0,290.9,117.99,14.35,2.51,264.87,-5.62,2495,2510,2513,0,2518,2477,2487,2498,3
30762,2509,288.48,8.69,5.46,2.12,-5.66,0.0,0.39,0.0,290.65,118.24,14.35,2.52,-3099.09,-5.66,2495,2510,2513,0,2518,2477,2487,2498,3
30763,2509,288.25,8.69,5.46,2.12,-5.64,0.0,0.36,0.0,290.4,118.54,14.35,2.53,-230.3,-5.7,2495,2510,2513,0,2518,2477,2487,2498,3
30764,2509,288.03,8.69,5.46,2.12,-5.63,0.0,0.33,0.0,290.19,118.74,14.35,2.53,-120.78,-5.75,2495,2510,2513,0,2518,2477,2487,2498,3
30765,2509,287.81,8.69,5.46,2.12,-5.61,0.0,0.3,0.0,289.99,118.94,14.36,2.54,-82.44,-5.79,2495,2510,2513,0,2518,2477,2487,2498,3
30766,2509,287.58,8.69,5.46,2.12,-5.6,0.0,0.28,0.0,289.79,119.1,14.37,2.55,-62.93,-5.83,2495,2510,2513,0,2518,2477,2487,2498,3
30767,2509,287.36,8.69,5.46,2.12,-5.59,0.0,0.25,0.0,289.54,119.35,14.38,2.55,-51.14,-5.87,2495,2510,2513,0,2518,2477,2487,2498,3
30768,2509,287.13,8.69,5.46,2.12,-5.58,0.0,0.22,0.0,289.28,119.6,14.39,2.56,-43.24,-5.91,2495,2510,2513,0,2518,2477,2487,2498,3
30769,2509,286.9,8.69,5.46,2.12,-5.57,0.0,0.19,0.0,289.08,119.81,14.41,2.57,-37.62,-5.95,2495,2510,2513,0,2518,2477,2487,2498,3
30770,2509,286.67,8.69,5.46,2.12,-5.56,0.0,0.16,0.0,288.83,120.16,14.43,2.58,-33.41,-5.99,2495,2510,2513,0,2518,2477,2487,2498,3
30771,2509,286.45,8.69,5.46,2.12,-5.56,0.0,0.13,0.0,288.63,120.36,14.45,2.58,-30.13,-6.03,2495,2510,2513,0,2518,2477,2487,2498,3
30772,2509,286.22,8.69,5.46,2.12,-5.55,0.0,0.1,0.0,288.37,120.62,14.47,2.59,-27.51,-6.07,2495,2510,2513,0,2518,2477,2487,2498,3
30773,2509,286.0,8.69,5.46,2.12,-5.55,0.0,0.07,0.0,288.17,120.82,14.48,2.59,-25.38,-6.11,2495,2510,2513,0,2518,2477,2487,2498,3
30774,2509,285.77,8.69,5.46,2.12,-5.54,0.0,0.04,0.0,287.92,121.07,14.51,2.6,-23.62,-6.15,2495,2510,2513,0,2518,2477,2487,2498,3
30775,2509,285.56,8.69,5.46,2.12,-5.54,0.0,0.01,0.0,287.72,121.32,14.54,2.61,-22.16,-6.19,2495,2510,2513,0,2518,2477,2487,2498,3
30776,2509,285.34,8.69,5.46,2.12,-5.54,0.0,-0.02,0.0,287.52,121.52,14.57,2.61,-20.91,-6.23,2495,2510,2513,0,2518,2477,2487,2498,3
30777,2509,285.12,8.69,5.46,2.12,-5.54,0.0,-0.05,0.0,287.31,121.72,14.6,2.62,-19.84,-6.27,2495,2510,2513,0,2518,2477,2487,2498,3
30778,2509,284.9,8.69,5.46,2.12,-5.54,0.0,-0.09,0.0,287.06,121.98,14.64,2.62,-18.92,-6.31,2495,2510,2513,0,2518,2477,2487,2498,3
30779,2509,284.69,8.69,5.46,2.12,-5.55,0.0,-0.12,0.0,286.86,122.23,14.68,2.63,-18.13,-6.35,2495,2510,2513,0,2518,2477,2487,2498,3
30780,2509,284.47,8.69,5.46,2.12,-5.55,0.0,-0.15,0.0,286.61,122.48,14.73,2.63,-17.45,-6.39,2495,2510,2513,0,2518,2477,2487,2498,3
30781,2509,284.26,8.69,5.46,2.12,-5.56,0.0,-0.19,-0.0,286.45,122.64,14.77,2.64,-16.85,-6.43,2495,2510,2513,0,2518,2477,2487,2498,3
30782,2509,284.04,8.69,5.46,2.12,-5.57,0.0,-0.22,-0.0,286.2,122.89,14.82,2.64,-16.31,-6.47,2495,2510,2513,0,2518,2477,2487,2498,3
30783,2509,283.82,8.69,5.46,2.12,-5.57,0.0,-0.26,-0.0,286.0,123.09,14.86,2.65,-15.84,-6.51,2495,2510,2513,0,2518,2477,2487,2498,3
30784,2509,283.61,8.69,5.46,2.12,-5.58,0.0,-0.29,-0.0,285.8,123.29,14.91,2.65,-15.43,-6.54,2495,2510,2513,0,2518,2477,2487,2498,3
30785,2509,283.39,8.69,5.46,2.12,-5.6,0.0,-0.32,-0.0,285.55,123.59,14.95,2.65,-15.06,-6.58,2495,2510,2513,0,2518,2477,2487,2498,3
30786,2509,283.17,8.69,5.46,2.12,-5.61,0.0,-0.36,-0.0,285.34,123.85,15.0,2.66,-14.74,-6.62,2495,2510,2513,0,2518,2477,2487,2498,3
30787,2509,282.96,8.69,5.46,2.12,-5.62,0.0,-0.39,-0.0,285.14,124.05,15.05,2.66,-14.45,-6.66,2495,2510,2513,0,2518,2477,2487,2498,3
30788,2509,282.74,8.69,5.46,2.12,-5.64,0.0,-0.43,-0.0,284.89,124.3,15.09,2.66,-14.2,-6.7,2495,2510,2513,0,2518,2477,2487,2498,3
30789,2509,282.52,8.69,5.46,2.12,-5.66,0.0,-0.46,-0.0,284.69,124.51,15.13,2.66,-13.97,-6.73,2495,2510,2513,0,2518,2477,2487,2498,3
30790,2509,282.31,8.69,5.46,2.12,-5.68,0.0,-0.49,-0.0,284.48,124.71,15.18,2.66,-13.78,-6.77,2495,2510,2513,0,2518,2477,2487,2498,3
30791,2509,282.09,8.69,5.46,2.12,-5.69,0.0,-0.53,-0.0,284.28,124.91,15.24,2.66,-13.61,-6.81,2495,2510,2513,0,2518,2477,2487,2498,3
30792,2509,281.87,8.69,5.46,2.12,-5.72,0.0,-0.56,-0.0,284.03,125.16,15.29,2.66,-13.48,-6.84,2495,2510,2513,0,2518,2477,2487,2498,3
30793,2509,281.65,8.69,5.46,2.12,-5.74,0.0,-0.59,-0.0,283.83,125.41,15.35,2.66,-13.36,-6.88,2495,2510,2513,0,2518,2477,2487,2498,3
30794,2509,281.42,8.69,5.46,2.12,-5.76,0.0,-0.63,-0.0,283.57,125.72,15.41,2.66,-13.27,-6.92,2495,2510,2513,0,2518,2477,2487,2498,3
30795,2509,281.2,8.69,5.46,2.12,-5.79,0.0,-0.66,-0.0,283.37,125.92,15.46,2.65,-13.19,-6.95,2495,2510,2513,0,2518,2477,2487,2498,3
30796,2509,280.98,8.69,5.46,2.12,-5.81,0.0,-0.69,-0.0,283.17,126.12,15.52,2.65,-13.13,-6.99,2495,2510,2513,0,2518,2477,2487,2498,3
30797,2509,280.75,8.69,5.46,2.12,-5.84,0.0,-0.72,-0.0,282.92,126.43,15.57,2.65,-13.09,-7.02,2495,2510,2513,0,2518,2477,2487,2498,3
30798,2509,280.53,8.69,5.46,2.12,-5.87,0.0,-0.75,-0.0,282.72,126.63,15.63,2.64,-13.06,-7.06,2495,2510,2513,0,2518,2477,2487,2498,3
30799,2509,280.3,8.69,5.46,2.12,-5.9,0.0,-0.78,-0.0,282.46,126.88,15.68,2.64,-13.05,-7.1,2495,2510,2513,0,2518,2477,2487,2498,3
30800,2509,280.07,8.69,5.46,2.12,-5.93,0.0,-0.81,-0.0,282.26,127.09,15.73,2.63,-13.05,-7.13,2495,2510,2513,0,2518,2477,2487,2498,3
30801,2509,279.83,8.69,5.46,2.12,-5.97,0.0,-0.84,-0.0,282.01,127.34,15.78,2.63,-13.06,-7.17,2495,2510,2513,0,2518,2477,2487,2498,3
30802,2509,279.6,8.69,5.46,2.12,-6.0,0.0,-0.86,-0.0,281.76,127.59,15.83,2.62,-13.09,-7.2,2495,2510,2513,0,2518,2477,2487,2498,3
30803,2509,279.36,8.69,5.46,2.12,-6.03,0.0,-0.89,-0.0,281.55,127.79,15.88,2.61,-13.13,-7.24,2495,2510,2513,0,2518,2477,2487,2498,3
30804,2509,279.13,8.69,5.46,2.12,-6.07,-0.0,-0.91,-0.0,281.3,127.99,15.94,2.61,-13.2,-7.27,2495,2510,2513,0,2518,2477,2487,2498,3
30805,2509,278.88,8.69,5.46,2.12,-6.11,-0.0,-0.94,-0.0,281.05,128.25,16.0,2.6,-13.28,-7.3,2495,2510,2513,0,2518,2477,2487,2498,3
30806,2509,278.64,8.69,5.46,2.12,-6.15,-0.0,-0.96,-0.0,280.8,128.55,16.05,2.6,-13.37,-7.34,2495,2510,2513,0,2518,2477,2487,2498,3
30807,2509,278.41,8.69,5.46,2.12,-6.18,-0.0,-0.98,-0.0,280.59,128.8,16.11,2.59,-13.47,-7.37,2495,2510,2513,0,2518,2477,2487,2498,3
30808,2509,278.17,8.69,5.46,2.12,-6.22,-0.0,-1.01,-0.0,280.39,129.0,16.16,2.58,-13.58,-7.41,2495,2510,2513,0,2518,2477,2487,2498,3
30809,2509,277.91,8.69,5.46,2.12,-6.26,-0.0,-1.03,-0.0,280.09,129.31,16.19,2.57,-13.69,-7.44,2495,2510,2513,0,2518,2477,2487,2498,3
30810,2509,277.66,8.69,5.46,2.12,-6.31,-0.0,-1.04,-0.0,279.78,129.61,16.24,2.56,-13.82,-7.47,2495,2510,2513,0,2518,2477,2487,2498,3
30811,2509,277.41,8.69,5.46,2.12,-6.35,-0.0,-1.06,-0.0,279.58,129.81,16.28,2.55,-13.97,-7.51,2495,2510,2513,0,2518,2477,2487,2498,3
30812,2509,277.16,8.69,5.46,2.12,-6.39,-0.0,-1.08,-0.0,279.33,130.06,16.33,2.54,-14.13,-7.54,2495,2510,2513,0,2518,2477,2487,2498,3
30813,2509,276.91,8.69,5.46,2.12,-6.43,-0.0,-1.1,-0.0,279.08,130.32,16.37,2.53,-14.31,-7.57,2495,2510,2513,0,2518,2477,2487,2498,3
30814,2509,276.65,8.69,5.46,2.12,-6.48,-0.0,-1.11,-0.0,278.88,130.52,16.42,2.52,-14.5,-7.6,2495,2510,2513,0,2518,2477,2487,2498,3
30815,2509,276.39,8.69,5.46,2.12,-6.52,-0.0,-1.12,-0.0,278.57,130.82,16.46,2.51,-14.69,-7.64,2495,2510,2513,0,2518,2477,2487,2498,3
30816,2509,276.12,8.69,5.46,2.12,-6.57,-0.0,-1.14,-0.0,278.27,131.13,16.49,2.5,-14.9,-7.67,2495,2510,2513,0,2518,2477,2487,2498,3
30817,2509,275.85,8.69,5.46,2.12,-6.62,-0.0,-1.15,-0.0,277.97,131.43,16.53,2.48,-15.13,-7.7,2495,2510,2513,0,2518,2477,2487,2498,3
30818,2509,275.59,8.69,5.46,2.12,-6.66,-0.0,-1.16,-0.0,277.76,131.63,16.58,2.47,-15.38,-7.73,2495,2510,2513,0,2518,2477,2487,2498,3
30819,2509,275.34,8.69,5.46,2.12,-6.71,-0.0,-1.17,-0.0,277.56,131.88,16.62,2.46,-15.65,-7.76,2495,2510,2513,0,2518,2477,2487,2498,3
30820,2509,275.07,8.69,5.46,2.12,-6.76,-0.0,-1.18,-0.0,277.26,132.24,16.66,2.45,-15.92,-7.8,2495,2510,2513,0,2518,2477,2487,2498,3
30821,2509,274.79,8.69,5.46,2.12,-6.8,-0.0,-1.18,-0.0,276.95,132.54,16.69,2.44,-16.22,-7.83,2495,2510,2513,0,2518,2477,2487,2498,3
30822,2509,274.51,8.69,5.46,2.12,-6.85,-0.0,-1.19,-0.0,276.7,132.79,16.73,2.43,-16.53,-7.86,2495,2510,2513,0,2518,2477,2487,2498,3
30823,2509,274.23,8.69,5.46,2.12,-6.9,-0.0,-1.19,-0.0,276.4,133.1,16.76,2.42,-16.86,-7.89,2495,2510,2513,0,2518,2477,2487,2498,3
30824,2509,273.95,8.69,5.46,2.12,-6.95,-0.0,-1.2,-0.0,276.15,133.35,16.81,2.4,-17.22,-7.92,2495,2510,2513,0,2518,2477,2487,2498,3
30825,2509,273.67,8.69,5.46,2.12,-7.0,-0.0,-1.2,-0.0,275.84,133.65,16.84,2.39,-17.6,-7.95,2495,2510,2513,0,2518,2477,2487,2498,3
30826,2509,273.38,8.69,5.46,2.12,-7.04,-0.0,-1.2,0.0,275.54,133.96,16.88,2.38,-18.0,-7.98,2495,2510,2513,0,2518,2477,2487,2498,3
30827,2509,273.09,8.69,5.46,2.12,-7.09,-0.0,-1.2,0.0,275.24,134.31,16.92,2.37,-18.44,-8.0,2495,2510,2513,0,2518,2477,2487,2498,3
30828,2509,272.8,8.69,5.46,2.12,-7.14,-0.0,-1.2,0.0,274.98,134.56,16.96,2.36,-18.89,-8.03,2495,2510,2513,0,2518,2472,2487,2498,3
30829,2509,272.51,8.69,5.46,2.12,-7.19,-0.0,-1.2,0.0,274.68,134.92,17.0,2.35,-19.38,-8.06,2495,2510,2513,0,2518,2472,2487,2498,3
30830,2509,272.21,8.69,5.46,2.12,-7.24,-0.0,-1.2,0.0,274.38,135.22,17.02,2.34,-19.88,-8.09,2495,2510,2513,0,2518,2472,2487,2498,3
30831,2509,271.92,8.69,5.46,2.12,-7.29,-0.0,-1.2,0.0,274.13,135.47,17.05,2.33,-20.42,-8.12,2495,2510,2513,0,2518,2472,2477,2498,3
30832,2509,271.62,8.69,5.46,2.12,-7.33,-0.0,-1.2,0.0,273.77,135.82,17.07,2.31,-20.98,-8.14,2495,2510,2513,0,2518,2472,2477,2498,3
30833,2509,271.32,8.69,5.46,2.12,-7.38,-0.0,-1.19,0.0,273.52,136.08,17.09,2.3,-21.59,-8.17,2495,2510,2513,0,2518,2472,2477,2498,3
30834,2509,271.01,8.69,5.46,2.12,-7.43,-0.0,-1.19,0.0,273.17,136.43,17.12,2.29,-22.24,-8.2,2495,2510,2513,0,2518,2472,2477,2487,3
30835,2509,270.7,8.69,5.46,2.12,-7.48,-0.0,-1.18,0.0,272.86,136.73,17.15,2.28,-22.95,-8.22,2495,2510,2513,0,2518,2472,2477,2487,3
30836,2509,270.4,8.69,5.46,2.12,-7.53,-0.0,-1.18,0.0,272.56,137.04,17.18,2.27,-23.7,-8.25,2495,2510,2513,0,2518,2472,2477,2487,3
30837,2509,270.09,8.69,5.46,2.12,-7.57,-0.0,-1.17,0.0,272.26,137.34,17.21,2.26,-24.5,-8.27,2495,2510,2513,0,2518,2472,2477,2487,3
30838,2509,269.78,8.69,5.46,2.12,-7.62,-0.0,-1.17,0.0,271.95,137.64,17.23,2.25,-25.35,-8.3,2495,2510,2513,0,2518,2472,2477,2487,3
30839,2509,269.48,8.69,5.46,2.12,-7.67,-0.0,-1.16,0.0,271.65,137.99,17.25,2.24,-26.27,-8.32,2495,2510,2513,0,2518,2472,2477,2487,3
30840,2509,269.17,8.69,5.46,2.12,-7.71,-0.0,-1.15,0.0,271.35,138.3,17.27,2.23,-27.26,-8.34,2495,2510,2513,0,2518,2472,2477,2487,3
30841,2509,268.85,8.69,5.46,2.12,-7.76,-0.0,-1.14,0.01,271.04,138.55,17.3,2.22,-28.33,-8.37,2495,2510,2513,0,2518,2472,2477,2487,3
30842,2509,268.54,8.69,5.46,2.12,-7.81,-0.0,-1.14,0.01,270.69,138.91,17.31,2.2,-29.47,-8.39,2495,2510,2513,0,2518,2472,2477,2487,3
30843,2509,268.22,8.69,5.46,2.12,-7.85,-0.0,-1.13,0.01,270.39,139.21,17.33,2.19,-30.73,-8.41,2495,2510,2513,0,2518,2472,2477,2487,3
30844,2509,267.9,8.69,5.46,2.12,-7.9,-0.0,-1.12,0.01,270.08,139.51,17.36,2.19,-32.11,-8.43,2495,2510,2513,0,2518,2472,2477,2487,3
30845,2509,267.58,8.69,5.46,2.12,-7.94,-0.0,-1.11,0.01,269.78,139.82,17.38,2.18,-33.61,-8.46,2495,2510,2513,0,2518,2472,2477,2487,3
30846,2509,267.26,8.69,5.46,2.12,-7.99,-0.0,-1.1,0.01,269.43,140.17,17.4,2.17,-35.25,-8.48,2495,2510,2513,0,2518,2472,2477,2487,3
30847,2509,266.93,8.69,5.46,2.12,-8.03,-0.0,-1.09,0.01,269.07,140.52,17.41,2.16,-37.04,-8.5,2495,2510,2513,0,2518,2472,2477,2487,3
30848,2509,266.61,8.69,5.46,2.12,-8.07,-0.0,-1.08,0.01,268.77,140.83,17.42,2.15,-39.04,-8.52,2495,2510,2513,0,2518,2472,2477,2487,3
30849,2509,266.28,8.69,5.46,2.12,-8.12,-0.0,-1.07,0.01,268.47,141.13,17.45,2.14,-41.28,-8.54,2495,2510,2513,0,2518,2472,2477,2487,3
30850,2509,265.96,8.69,5.46,2.12,-8.16,-0.0,-1.07,0.01,268.16,141.43,17.46,2.13,-43.76,-8.56,2495,2510,2513,0,2518,2472,2477,2487,3
30851,2509,265.62,8.69,5.46,2.12,-8.2,-0.0,-1.06,0.01,267.76,141.84,17.47,2.12,-46.54,-8.58,2495,2510,2513,0,2518,2472,2477,2487,3
30852,2509,265.29,8.69,5.46,2.12,-8.25,-0.0,-1.05,0.01,267.46,142.14,17.48,2.11,-49.72,-8.59,2495,2510,2513,0,2518,2472,2477,2487,3
30853,2509,264.96,8.69,5.46,2.12,-8.29,-0.0,-1.04,0.01,267.15,142.44,17.5,2.1,-53.35,-8.61,2495,2510,2513,0,2518,2472,2477,2487,3
30854,2509,264.63,8.69,5.46,2.12,-8.33,-0.0,-1.03,0.01,266.8,142.8,17.52,2.09,-57.55,-8.63,2495,2510,2513,0,2518,2472,2477,2487,3
30855,2509,264.3,8.69,5.46,2.12,-8.37,-0.0,-1.02,0.02,266.44,143.2,17.53,2.08,-62.43,-8.65,2495,2510,2513,0,2518,2472,2477,2487,3
30856,2509,263.96,8.69,5.46,2.12,-8.41,-0.0,-1.0,0.02,266.14,143.5,17.55,2.07,-68.24,-8.67,2495,2510,2513,0,2518,2472,2477,2487,3
30857,2509,263.63,8.69,5.46,2.12,-8.45,-0.0,-0.99,0.02,265.84,143.81,17.56,2.07,-75.18,-8.68,2495,2510,2513,0,2518,2472,2477,2487,3
30858,2509,263.29,8.69,5.46,2.12,-8.49,-0.0,-0.98,0.02,265.43,144.26,17.56,2.06,-83.62,-8.7,2495,2510,2513,0,2518,2472,2477,2487,3
30859,2509,262.95,8.69,5.46,2.12,-8.53,-0.0,-0.97,0.02,265.13,144.57,17.56,2.05,-94.11,-8.72,2495,2510,2513,0,2518,2472,2477,2487,3
30860,2509,262.61,8.69,5.46,2.12,-8.57,0.0,-0.96,0.02,264.78,144.92,17.56,2.04,-107.52,-8.73,2495,2510,2513,0,2518,2472,2477,2487,3
30861,2509,262.26,8.69,5.46,2.12,-8.61,0.0,-0.95,0.02,264.42,145.27,17.56,2.03,-125.32,-8.75,2495,2510,2513,0,2518,2472,2477,2487,3
30862,2509,261.92,8.69,5.46,2.12,-8.65,0.0,-0.94,0.02,264.07,145.63,17.57,2.02,-150.1,-8.76,2495,2510,2513,0,2518,2472,2477,2487,3
30863,2509,261.58,8.69,5.46,2.12,-8.68,0.0,-0.93,0.02,263.77,145.93,17.58,2.01,-186.94,-8.78,2495,2510,2513,0,2518,2472,2477,2487,3
30864,2509,261.23,8.69,5.46,2.12,-8.72,0.0,-0.92,0.03,263.41,146.28,17.58,2.0,-247.31,-8.79,2495,2510,2513,0,2518,2472,2477,2487,3
30865,2509,260.88,8.69,5.46,2.12,-8.76,0.0,-0.91,0.03,263.06,146.64,17.59,2.0,-364.32,-8.8,2495,2510,2513,0,2518,2472,2477,2487,3
30866,2509,260.52,8.69,5.46,2.12,-8.79,0.01,-0.89,0.03,262.71,146.99,17.58,1.99,-687.01,-8.82,2495,2510,2513,0,2518,2472,2477,2487,3
30867,2509,260.17,8.69,5.46,2.12,-8.83,0.01,-0.88,0.03,262.35,147.29,17.58,1.98,-5750.67,-8.83,2495,2510,2513,0,2518,2472,2477,2487,3
30868,2509,259.81,8.69,5.46,2.12,-8.86,0.01,-0.87,0.03,261.95,147.7,17.57,1.97,909.87,-8.85,2495,2510,2513,0,2518,2472,2477,2487,3
30869,2509,259.45,8.69,5.46,2.12,-8.9,0.01,-0.86,0.03,261.64,148.0,17.56,1.96,422.98,-8.86,2495,2510,2513,0,2518,2472,2477,2487,3
30870,2509,259.1,8.69,5.46,2.12,-8.93,0.01,-0.85,0.03,261.24,148.36,17.55,1.95,276.13,-8.87,2495,2510,2513,0,2518,2472,2477,2487,3
30871,2509,258.74,8.69,5.46,2.12,-8.97,0.01,-0.83,0.03,260.94,148.66,17.55,1.95,205.34,-8.88,2495,2510,2513,0,2518,2472,2477,2487,3
30872,2509,258.38,8.69,5.46,2.12,-9.0,0.01,-0.82,0.03,260.53,149.06,17.55,1.94,163.6,-8.89,2495,2510,2513,0,2518,2472,2477,2487,3
30873,2509,258.02,8.69,5.46,2.12,-9.03,0.02,-0.81,0.03,260.23,149.37,17.55,1.93,136.1,-8.91,2495,2510,2513,0,2518,2472,2477,2487,3
30874,2509,257.65,8.69,5.46,2.12,-9.07,0.02,-0.8,0.04,259.83,149.77,17.54,1.92,116.57,-8.92,2495,2510,2513,0,2518,2472,2477,2487,3
30875,2509,257.29,8.69,5.46,2.12,-9.1,0.02,-0.78,0.04,259.42,150.18,17.53,1.92,102.02,-8.93,2495,2510,2513,0,2518,2472,2477,2487,3
30876,2509,256.92,8.69,5.46,2.12,-9.13,0.02,-0.77,0.04,259.12,150.48,17.52,1.91,90.75,-8.94,2495,2510,2513,0,2518,2472,2477,2487,3
30877,2509,256.56,8.69,5.46,2.12,-9.16,0.02,-0.76,0.04,258.71,150.93,17.51,1.9,81.75,-8.95,2495,2510,2513,0,2518,2472,2477,2487,3
30878,2509,256.19,8.69,5.46,2.12,-9.19,0.03,-0.75,0.04,258.36,151.28,17.49,1.89,74.42,-8.96,2495,2510,2513,0,2518,2472,2477,2487,3
30879,2509,255.83,8.69,5.46,2.12,-9.22,0.03,-0.73,0.04,258.01,151.59,17.48,1.89,68.33,-8.97,2495,2510,2513,0,2518,2472,2477,2487,3
30880,2509,255.46,8.69,5.46,2.12,-9.25,0.03,-0.72,0.04,257.65,151.94,17.47,1.88,63.18,-8.98,2495,2510,2513,0,2518,2472,2477,2487,3
30881,2509,255.09,8.69,5.46,2.12,-9.28,0.03,-0.71,0.04,257.25,152.4,17.46,1.87,58.76,-8.98,2495,2510,2513,0,2518,2472,2477,2487,3
30882,2509,254.72,8.69,5.46,2.12,-9.31,0.04,-0.7,0.04,256.89,152.75,17.45,1.86,54.95,-8.99,2495,2510,2513,0,2518,2472,2477,2487,3
30883,2509,254.34,8.7,5.46,2.12,-9.34,0.04,-0.68,0.04,256.49,153.15,17.44,1.86,51.6,-9.0,2495,2510,2513,0,2518,2472,2477,2487,3
30884,2509,253.97,8.7,5.46,2.12,-9.36,0.04,-0.67,0.04,256.19,153.46,17.43,1.85,48.66,-9.01,2495,2510,2513,0,2518,2472,2477,2487,3
30885,2509,253.6,8.7,5.46,2.12,-9.39,0.04,-0.66,0.04,255.78,153.81,17.42,1.84,46.03,-9.01,2495,2510,2513,0,2518,2472,2477,2487,3
30886,2509,253.22,8.7,5.46,2.12,-9.42,0.05,-0.64,0.04,255.38,154.22,17.4,1.84,43.66,-9.02,2495,2510,2513,0,2518,2472,2477,2487,3
30887,2509,252.84,8.7,5.46,2.12,-9.44,0.05,-0.63,0.04,254.97,154.62,17.38,1.83,41.54,-9.03,2495,2510,2513,0,2518,2472,2477,2487,3
30888,2509,252.46,8.7,5.46,2.12,-9.47,0.05,-0.62,0.04,254.67,154.92,17.37,1.82,39.63,-9.03,2495,2510,2513,0,2518,2472,2477,2487,3
30889,2509,252.08,8.71,5.46,2.12,-9.49,0.06,-0.6,0.04,254.27,155.38,17.35,1.82,37.89,-9.04,2495,2510,2513,0,2518,2472,2477,2487,3
30890,2509,251.69,8.71,5.46,2.12,-9.52,0.06,-0.59,0.03,253.86,155.73,17.33,1.81,36.28,-9.04,2495,2510,2513,0,2518,2472,2477,2487,3
30891,2509,251.31,8.71,5.46,2.12,-9.54,0.06,-0.58,0.03,253.46,156.19,17.31,1.8,34.81,-9.04,2495,2510,2513,0,2518,2472,2477,2487,3
30892,2509,250.92,8.71,5.46,2.12,-9.56,0.06,-0.56,0.03,253.1,156.54,17.29,1.8,33.46,-9.05,2495,2510,2513,0,2518,2472,2477,2487,3
30893,2509,250.53,8.72,5.46,2.12,-9.58,0.07,-0.55,0.03,252.65,156.99,17.27,1.79,32.21,-9.05,2495,2510,2513,0,2518,2472,2477,2487,3
30894,2509,250.16,8.72,5.46,2.12,-9.61,0.07,-0.53,0.03,252.35,157.3,17.25,1.79,31.06,-9.05,2495,2510,2513,0,2518,2472,2477,2487,3
30895,2509,249.78,8.72,5.46,2.12,-9.63,0.07,-0.52,0.03,251.94,157.75,17.23,1.78,29.98,-9.06,2495,2510,2513,0,2518,2472,2477,2487,3
30896,2509,249.39,8.73,5.46,2.12,-9.65,0.07,-0.51,0.02,251.54,158.16,17.21,1.77,28.98,-9.06,2495,2510,2513,0,2518,2472,2477,2487,3
30897,2509,249.02,8.73,5.46,2.12,-9.67,0.07,-0.49,0.02,251.24,158.46,17.19,1.77,28.05,-9.06,2495,2510,2513,0,2518,2472,2477,2487,3
30898,2509,248.63,8.73,5.46,2.12,-9.69,0.08,-0.48,0.02,250.83,158.87,17.17,1.76,27.16,-9.06,2495,2510,2513,0,2518,2472,0,2477,3
30899,2509,248.24,8.74,5.46,2.12,-9.71,0.08,-0.47,0.02,250.43,159.22,17.14,1.76,26.33,-9.06,2495,2510,2513,0,2518,2472,0,2477,3
30900,2509,247.85,8.74,5.46,2.12,-9.73,0.08,-0.45,0.02,250.02,159.57,17.12,1.75,25.55,-9.06,2495,2510,2513,0,2518,2472,0,2477,3
30901,2509,247.45,8.75,5.46,2.12,-9.74,0.08,-0.44,0.01,249.62,159.98,17.09,1.74,24.81,-9.06,2495,2510,2513,0,2518,2472,0,2477,3
30902,2509,247.06,8.75,5.46,2.12,-9.76,0.08,-0.43,0.01,249.21,160.38,17.07,1.74,24.12,-9.06,2495,2510,2513,0,2518,2472,0,2477,3
30903,2509,246.67,8.75,5.46,2.12,-9.78,0.08,-0.41,0.01,248.86,160.74,17.05,1.73,23.47,-9.06,2495,2510,2513,0,2518,2472,0,2477,3
30904,2509,246.28,8.76,5.46,2.12,-9.8,0.08,-0.4,0.01,248.46,161.14,17.02,1.73,22.85,-9.06,2495,2510,2513,0,2518,2472,0,2477,3
30905,2509,245.88,8.76,5.46,2.12,-9.81,0.08,-0.38,0.01,248.05,161.54,16.99,1.72,22.25,-9.05,2495,2510,2513,0,2518,2472,0,2477,3
30906,2509,245.49,8.77,5.46,2.12,-9.83,0.08,-0.37,0.0,247.65,161.95,16.96,1.72,21.69,-9.05,2495,2510,2513,0,2518,2472,0,2477,3
30907,2509,245.09,8.77,5.46,2.12,-9.84,0.08,-0.36,0.0,247.29,162.3,16.93,1.71,21.15,-9.05,2495,2510,2513,0,2518,2472,0,2477,3
30908,2509,244.69,8.77,5.46,2.12,-9.86,0.07,-0.34,-0.0,246.84,162.81,16.89,1.7,20.64,-9.04,2495,2510,2513,0,2518,2472,0,2477,3
30909,2509,244.3,8.77,5.46,2.12,-9.87,0.07,-0.33,-0.0,246.49,163.16,16.86,1.7,20.16,-9.04,2495,2510,2513,0,2518,2472,0,2477,3
30910,2509,243.9,8.78,5.46,2.12,-9.88,0.07,-0.32,-0.0,246.08,163.56,16.83,1.69,19.7,-9.03,2495,2510,2513,0,2518,2472,0,2477,3
30911,2509,243.5,8.78,5.46,2.12,-9.9,0.07,-0.3,-0.0,245.68,163.92,16.8,1.69,19.26,-9.03,2495,2510,2513,0,2518,2472,0,2477,3
30912,2509,243.09,8.78,5.46,2.12,-9.91,0.07,-0.29,-0.01,245.27,164.37,16.75,1.68,18.83,-9.02,2495,2510,2513,0,2518,2472,0,2477,3
30913,2509,242.69,8.79,5.46,2.12,-9.92,0.07,-0.28,-0.01,244.87,164.78,16.71,1.67,18.42,-9.02,2495,2510,2513,0,2518,2472,0,2477,3
30914,2509,242.28,8.79,5.46,2.12,-9.93,0.07,-0.27,-0.01,244.41,165.28,16.66,1.67,18.02,-9.01,2495,2510,2513,0,2518,2472,0,2477,3
30915,2509,241.88,8.79,5.46,2.12,-9.94,0.07,-0.25,-0.01,244.06,165.64,16.62,1.66,17.65,-9.0,2495,2510,2513,0,2518,2472,0,2477,3
30916,2509,241.48,8.79,5.46,2.12,-9.95,0.07,-0.24,-0.01,243.66,166.04,16.58,1.66,17.29,-9.0,2495,2510,2513,0,2518,2472,0,2477,3
30917,2509,241.08,8.79,5.46,2.12,-9.96,0.07,-0.23,-0.01,243.25,166.45,16.53,1.65,16.95,-8.99,2495,2510,2513,0,2518,2472,0,2477,3
30918,2509,240.67,8.8,5.46,2.12,-9.97,0.07,-0.22,-0.01,242.85,166.85,16.49,1.64,16.62,-8.98,2495,2510,2513,0,2518,2472,0,2477,3
30919,2509,240.27,8.8,5.46,2.12,-9.98,0.06,-0.21,-0.01,242.44,167.25,16.45,1.64,16.31,-8.98,2495,2510,2513,0,2518,2472,0,2477,3
30920,2509,239.87,8.8,5.46,2.12,-9.99,0.06,-0.2,-0.01,242.04,167.66,16.41,1.63,16.01,-8.97,2495,2510,2513,0,2518,2472,0,2477,3
30921,2509,239.46,8.8,5.46,2.12,-9.99,0.06,-0.19,-0.01,241.63,168.11,16.36,1.63,15.71,-8.96,2495,2510,2513,0,2518,2472,0,2477,3
30922,2509,239.06,8.81,5.46,2.12,-10.0,0.06,-0.18,-0.01,241.23,168.52,16.31,1.62,15.42,-8.95,2495,2510,2513,0,2518,2472,0,2477,3
30923,2509,238.66,8.81,5.46,2.12,-10.01,0.06,-0.17,-0.01,240.83,168.92,16.27,1.62,15.15,-8.94,2495,2510,2513,0,2518,2472,0,2477,3
30924,2509,238.26,8.81,5.46,2.12,-10.02,0.06,-0.17,-0.01,240.42,169.32,16.22,1.61,14.89,-8.93,2495,2510,2513,0,2518,2472,0,2477,3
30925,2509,237.85,8.81,5.46,2.12,-10.02,0.06,-0.16,-0.01,240.02,169.78,16.18,1.6,14.64,-8.92,2495,2510,2513,0,2518,2472,0,2477,3
30926,2509,237.45,8.82,5.46,2.12,-10.03,0.06,-0.15,-0.02,239.61,170.19,16.13,1.6,14.39,-8.91,2495,2510,2513,0,2518,2472,0,2477,3
30927,2509,237.06,8.82,5.46,2.12,-10.03,0.06,-0.15,-0.02,239.21,170.54,16.1,1.59,14.16,-8.9,2495,2510,2513,0,2518,2472,0,2477,3
30928,2509,236.66,8.82,5.46,2.12,-10.04,0.06,-0.14,-0.02,238.86,170.89,16.07,1.59,13.95,-8.89,2495,2510,2513,0,2518,2472,0,2477,3
30929,2509,236.26,8.82,5.46,2.12,-10.05,0.06,-0.14,-0.02,238.45,171.29,16.03,1.59,13.73,-8.88,2495,2510,2513,0,2518,2472,0,2477,3
30930,2509,235.86,8.82,5.46,2.12,-10.05,0.06,-0.13,-0.02,238.05,171.65,15.98,1.58,13.51,-8.87,2495,2510,2513,0,2518,2472,0,2477,3
30931,2509,235.46,8.83,5.46,2.12,-10.06,0.06,-0.13,-0.02,237.64,172.05,15.93,1.57,13.29,-8.86,2495,2510,2513,0,2518,2472,0,2477,3
30932,2509,235.05,8.83,5.46,2.12,-10.06,0.06,-0.13,-0.02,237.19,172.51,15.88,1.57,13.07,-8.85,2495,2510,2513,0,2518,2472,0,2477,3
30933,2509,234.65,8.83,5.46,2.12,-10.07,0.05,-0.12,-0.02,236.83,172.91,15.83,1.56,12.87,-8.84,2495,2510,2513,0,2518,2472,0,2477,3
30934,2509,234.25,8.83,5.46,2.12,-10.07,0.05,-0.12,-0.02,236.43,173.32,15.78,1.56,12.67,-8.83,2495,2510,2513,0,2518,2472,0,2477,3
30935,2509,233.85,8.83,5.46,2.12,-10.07,0.05,-0.12,-0.02,236.03,173.77,15.73,1.55,12.47,-8.82,2495,2510,2513,0,2518,2472,0,2477,3
30936,2509,233.45,8.84,5.46,2.12,-10.08,0.05,-0.12,-0.02,235.62,174.18,15.68,1.55,12.28,-8.81,2495,2510,2513,0,2518,2472,0,2477,3
30937,2509,233.05,8.84,5.46,2.12,-10.08,0.05,-0.12,-0.02,235.22,174.58,15.63,1.54,12.1,-8.8,2495,2510,2513,0,2518,2472,0,2477,3
30938,2509,232.64,8.84,5.46,2.12,-10.09,0.05,-0.12,-0.02,234.81,174.99,15.58,1.53,11.92,-8.79,2495,2510,2513,0,2518,2472,0,2477,3
30939,2509,232.24,8.84,5.46,2.12,-10.09,0.05,-0.12,-0.02,234.41,175.44,15.53,1.53,11.74,-8.78,2495,2510,2513,0,2518,2472,0,2477,3
30940,2509,231.84,8.84,5.46,2.12,-10.1,0.05,-0.12,-0.02,234.0,175.84,15.48,1.52,11.57,-8.77,2495,2510,2513,0,2518,2472,0,2477,3
30941,2509,231.45,8.85,5.46,2.12,-10.1,0.05,-0.12,-0.02,233.65,176.2,15.43,1.52,11.4,-8.76,2495,2510,2513,0,2518,2472,0,2477,3
30942,2509,231.04,8.85,5.46,2.12,-10.11,0.05,-0.12,-0.03,233.2,176.7,15.37,1.51,11.23,-8.75,2495,2510,2513,0,2518,2472,0,2477,3
30943,2509,230.64,8.85,5.46,2.12,-10.11,0.05,-0.12,-0.03,232.79,177.11,15.32,1.51,11.06,-8.74,2495,2510,2513,0,2518,2472,0,2477,3
30944,2509,230.24,8.85,5.46,2.12,-10.12,0.05,-0.12,-0.03,232.39,177.51,15.27,1.5,10.9,-8.73,2495,2510,2513,0,2518,2472,0,2477,3
30945,2509,229.85,8.85,5.46,2.12,-10.12,0.05,-0.13,-0.03,232.03,177.87,15.23,1.49,10.75,-8.71,2495,2510,2513,0,2518,2472,0,2477,3
30946,2509,229.45,8.86,5.46,2.12,-10.13,0.05,-0.13,-0.03,231.63,178.27,15.18,1.49,10.6,-8.7,2495,2510,2513,0,2518,2472,0,2477,3
30947,2509,229.06,8.86,5.46,2.12,-10.13,0.05,-0.13,-0.03,231.23,178.67,15.13,1.48,10.46,-8.69,2495,2510,2513,0,2518,2472,0,2477,3
30948,2509,228.66,8.86,5.46,2.12,-10.14,0.05,-0.14,-0.03,230.82,179.08,15.08,1.48,10.31,-8.68,2495,2510,2513,0,2518,2472,0,2477,3
30949,2509,228.27,8.86,5.46,2.12,-10.14,0.05,-0.14,-0.03,230.47,179.43,15.03,1.47,10.16,-8.67,2495,2510,2513,0,2518,2461,2472,2477,3
30950,2509,227.88,8.86,5.46,2.12,-10.15,0.04,-0.14,-0.03,230.06,179.84,14.98,1.47,10.02,-8.66,2495,2510,2513,2518,2524,2461,2472,2477,3
30951,2509,227.48,8.87,5.46,2.12,-10.15,0.04,-0.14,-0.04,229.66,180.24,14.93,1.46,9.88,-8.65,2495,2510,2513,2518,2524,2461,2472,2477,3
30952,2509,227.07,8.87,5.46,2.12,-10.16,0.04,-0.15,-0.04,229.25,180.64,14.87,1.45,9.75,-8.64,2495,2510,2513,2518,2524,2461,2472,2477,3
30953,2509,226.67,8.87,5.46,2.12,-10.16,0.04,-0.15,-0.04,228.85,181.05,14.82,1.45,9.61,-8.63,2495,2510,2513,2518,2524,2461,2472,2477,3
30954,2509,226.27,8.87,5.46,2.12,-10.17,0.04,-0.15,-0.04,228.45,181.45,14.76,1.44,9.48,-8.62,2495,2510,2513,2518,2524,2461,2472,2477,3
30955,2509,225.86,8.87,5.46,2.12,-10.18,0.04,-0.15,-0.04,228.04,181.86,14.7,1.43,9.35,-8.62,2495,2510,2513,2518,2524,2461,2472,2477,3
30956,2509,225.45,8.88,5.46,2.12,-10.18,0.04,-0.15,-0.04,227.64,182.21,14.63,1.43,9.22,-8.61,2495,2510,2513,2518,2524,2461,2472,2477,3
30957,2509,225.04,8.88,5.46,2.12,-10.19,0.03,-0.15,-0.04,227.23,182.61,14.58,1.42,9.09,-8.6,2495,2510,2513,2518,2524,2461,2472,2477,3
30958,2509,224.63,8.88,5.46,2.12,-10.2,0.03,-0.15,-0.05,226.78,183.02,14.51,1.41,8.96,-8.59,2495,2510,2513,2518,2524,2461,2472,2477,3
30959,2509,224.22,8.88,5.46,2.12,-10.2,0.03,-0.15,-0.05,226.37,183.42,14.45,1.41,8.84,-8.58,2495,2510,2513,2518,2524,2461,2472,2477,3
30960,2509,223.81,8.88,5.46,2.12,-10.21,0.03,-0.15,-0.05,226.02,183.78,14.38,1.4,8.72,-8.57,2495,2510,2513,2518,2524,2461,2472,2477,3
30961,2509,223.4,8.88,5.46,2.12,-10.21,0.02,-0.15,-0.05,225.57,184.23,14.31,1.39,8.6,-8.56,2495,2510,2513,2518,2524,2461,2472,2477,3
30962,2509,222.99,8.88,5.46,2.12,-10.22,0.02,-0.15,-0.05,225.16,184.64,14.24,1.38,8.49,-8.55,2495,2510,2513,2518,2524,2461,2472,2477,3
30963,2509,222.58,8.89,5.46,2.12,-10.23,0.02,-0.15,-0.05,224.71,185.09,14.17,1.38,8.38,-8.55,2495,2510,2513,2518,2524,2461,2472,2477,3
30964,2509,222.17,8.89,5.46,2.12,-10.23,0.02,-0.15,-0.05,224.3,185.5,14.11,1.37,8.27,-8.54,2495,2510,2513,2518,2524,2461,2472,2477,3
30965,2509,221.77,8.89,5.46,2.12,-10.24,0.01,-0.15,-0.05,224.0,185.8,14.05,1.36,8.17,-8.53,2495,2510,2513,2518,2524,2461,2472,2477,3
30966,2509,221.37,8.89,5.46,2.12,-10.25,0.01,-0.15,-0.05,223.54,186.25,13.98,1.35,8.07,-8.53,2495,2510,2513,2518,2524,2461,2472,2477,3
30967,2509,220.96,8.89,5.46,2.12,-10.25,0.01,-0.15,-0.05,223.14,186.66,13.91,1.35,7.97,-8.52,2495,2510,2513,2518,2524,2461,2472,2477,3
30968,2509,220.54,8.89,5.46,2.12,-10.26,0.01,-0.15,-0.05,222.74,187.06,13.84,1.34,7.87,-8.51,2495,2510,2513,2518,2524,2461,2472,2477,3
30969,2509,220.13,8.89,5.46,2.12,-10.26,0.0,-0.15,-0.06,222.28,187.46,13.76,1.33,7.77,-8.51,2495,2510,2513,2518,2524,2461,2472,2477,3
30970,2509,219.72,8.89,5.46,2.12,-10.27,-0.0,-0.15,-0.06,221.88,187.82,13.69,1.32,7.68,-8.5,2495,2510,2513,2518,2524,2461,2472,2477,3
30971,2509,219.31,8.89,5.46,2.12,-10.28,-0.0,-0.15,-0.06,221.47,188.22,13.62,1.32,7.6,-8.5,2495,2510,2513,2518,2524,2461,2472,2477,3
30972,2509,218.9,8.89,5.46,2.12,-10.28,-0.01,-0.14,-0.06,221.07,188.63,13.56,1.31,7.52,-8.49,2495,2510,2513,2518,2524,2461,2472,2477,3
30973,2509,218.49,8.89,5.46,2.12,-10.29,-0.01,-0.14,-0.06,220.66,189.03,13.49,1.3,7.44,-8.49,2495,2510,2513,2518,2524,2461,2472,2477,3
30974,2509,218.09,8.89,5.46,2.12,-10.29,-0.01,-0.14,-0.06,220.26,189.44,13.43,1.3,7.36,-8.48,2495,2510,2513,2518,2524,2461,2472,2477,3
30975,2509,217.68,8.89,5.46,2.12,-10.3,-0.02,-0.14,-0.06,219.86,189.84,13.37,1.29,7.29,-8.48,2495,2510,2513,2518,2524,2461,2472,2477,3
30976,2509,217.27,8.89,5.46,2.12,-10.3,-0.02,-0.13,-0.06,219.45,190.25,13.3,1.28,7.22,-8.48,2495,2510,2513,2518,2524,2461,2472,2477,3
30977,2509,216.86,8.89,5.46,2.12,-10.31,-0.02,-0.13,-0.06,219.05,190.65,13.22,1.27,7.14,-8.47,2495,2510,2513,2518,2524,2461,2472,2477,3
30978,2509,216.45,8.89,5.46,2.12,-10.32,-0.03,-0.13,-0.06,218.64,191.05,13.14,1.26,7.07,-8.47,2495,2510,2513,2518,2524,2461,2472,2477,3
30979,2509,216.03,8.88,5.46,2.12,-10.32,-0.03,-0.12,-0.05,218.24,191.46,13.05,1.25,6.99,-8.47,2495,2510,2513,2518,2524,2461,2472,2477,3
30980,2509,215.6,8.88,5.46,2.12,-10.33,-0.03,-0.12,-0.05,217.73,191.96,12.96,1.24,6.92,-8.47,2495,2510,2513,2518,2524,2461,2472,2477,3
30981,2509,215.18,8.88,5.46,2.12,-10.33,-0.03,-0.11,-0.05,217.33,192.37,12.86,1.24,6.85,-8.47,2495,2510,2513,2518,2524,2461,2472,2477,3
30982,2509,214.77,8.88,5.46,2.12,-10.34,-0.04,-0.11,-0.05,216.93,192.77,12.78,1.23,6.79,-8.47,2495,2510,2513,2518,2524,2461,2472,2477,3
30983,2509,214.36,8.88,5.46,2.12,-10.34,-0.04,-0.1,-0.05,216.52,193.18,12.7,1.22,6.73,-8.47,2495,2510,2513,2518,2524,2461,2472,2477,3
30984,2509,213.94,8.88,5.46,2.12,-10.34,-0.04,-0.1,-0.05,216.12,193.58,12.63,1.21,6.67,-8.47,2495,2510,2513,2518,2524,2461,2472,2477,3
30985,2509,213.53,8.87,5.46,2.12,-10.35,-0.04,-0.09,-0.05,215.71,193.98,12.55,1.2,6.62,-8.47,2495,2510,2513,2518,2524,2461,2472,2477,3
30986,2509,213.12,8.87,5.46,2.12,-10.35,-0.05,-0.09,-0.05,215.31,194.39,12.47,1.2,6.57,-8.47,2495,2510,2513,2518,2524,2461,2472,2477,3
30987,2509,212.7,8.87,5.46,2.12,-10.35,-0.05,-0.08,-0.05,214.9,194.79,12.39,1.19,6.53,-8.47,2495,2510,2513,2518,2524,2461,2472,2477,3
30988,2509,212.28,8.87,5.46,2.12,-10.36,-0.05,-0.07,-0.05,214.45,195.25,12.3,1.18,6.48,-8.47,2495,2510,2513,2518,2524,2461,2472,2477,3
30989,2509,211.86,8.86,5.46,2.12,-10.36,-0.05,-0.07,-0.04,214.05,195.65,12.22,1.17,6.43,-8.48,2495,2510,2513,2518,2524,2461,2472,2477,3
30990,2509,211.44,8.86,5.46,2.12,-10.36,-0.05,-0.06,-0.04,213.59,196.11,12.13,1.16,6.39,-8.48,2495,2510,2513,2518,2524,2461,2472,2477,3
30991,2509,211.03,8.86,5.46,2.12,-10.37,-0.06,-0.06,-0.04,213.19,196.51,12.05,1.15,6.35,-8.48,2495,2510,2513,2518,2524,2461,2472,2477,3
30992,2509,210.61,8.86,5.46,2.12,-10.37,-0.06,-0.05,-0.04,212.78,196.92,11.98,1.15,6.32,-8.49,2495,2510,2513,2518,2524,2461,2472,2477,3
30993,2509,210.2,8.86,5.46,2.12,-10.37,-0.06,-0.04,-0.04,212.38,197.32,11.9,1.14,6.29,-8.49,2495,2510,2513,2518,2524,2461,2472,2477,3
30994,2509,209.79,8.85,5.46,2.12,-10.37,-0.06,-0.04,-0.04,211.97,197.72,11.83,1.13,6.27,-8.5,2495,2510,2513,2518,2524,2461,2472,2477,3
30995,2509,209.37,8.85,5.46,2.12,-10.37,-0.06,-0.03,-0.04,211.57,198.13,11.76,1.12,6.24,-8.51,2495,2510,2513,2518,2524,2461,2472,2477,3
30996,2509,208.96,8.85,5.46,2.12,-10.38,-0.07,-0.02,-0.04,211.11,198.58,11.67,1.11,6.21,-8.51,2495,2510,2513,2518,2524,2461,2472,2477,3
30997,2509,208.54,8.84,5.46,2.12,-10.38,-0.07,-0.01,-0.04,210.71,198.99,11.59,1.11,6.19,-8.52,2495,2510,2513,2518,2524,2461,2472,2477,3
30998,2509,208.12,8.84,5.46,2.12,-10.38,-0.07,-0.01,-0.03,210.31,199.39,11.51,1.1,6.17,-8.53,2495,2510,2513,2518,2524,2461,2472,2477,3
30999,2509,207.71,8.84,5.46,2.12,-10.38,-0.07,0.0,-0.03,209.9,199.8,11.43,1.09,6.15,-8.53,2495,2510,2513,2518,2524,2461,2472,2477,3
31000,2509,207.28,8.84,5.46,2.12,-10.38,-0.07,0.01,-0.03,209.45,200.25,11.36,1.08,6.14,-8.54,2495,2510,2513,2518,2524,2461,2472,2477,3
31001,2509,206.86,8.83,5.46,2.12,-10.38,-0.07,0.01,-0.03,209.04,200.65,11.28,1.08,6.12,-8.55,2495,2510,2513,2518,2524,2461,2472,2477,3
31002,2509,206.44,8.83,5.46,2.12,-10.38,-0.07,0.02,-0.03,208.64,201.06,11.21,1.07,6.11,-8.56,2495,2510,2513,2518,2524,2461,2472,2477,3
31003,2509,206.02,8.83,5.46,2.12,-10.37,-0.07,0.03,-0.03,208.18,201.51,11.12,1.06,6.1,-8.57,2495,2510,2513,2518,2524,2461,2472,2477,3
31004,2509,205.59,8.82,5.46,2.12,-10.37,-0.07,0.04,-0.03,207.73,201.97,11.04,1.05,6.09,-8.58,2495,2510,2513,2518,2524,2461,2472,2477,3
31005,2509,205.17,8.82,5.46,2.12,-10.37,-0.07,0.04,-0.03,207.32,202.37,10.96,1.05,6.09,-8.59,2495,2510,2513,2518,2524,2461,2472,2477,3
31006,2509,204.76,8.82,5.46,2.12,-10.37,-0.07,0.05,-0.02,206.92,202.78,10.88,1.04,6.08,-8.6,2495,2510,2513,2518,2524,2461,2472,2477,3
31007,2509,204.35,8.81,5.46,2.12,-10.37,-0.07,0.06,-0.02,206.52,203.18,10.81,1.03,6.08,-8.61,2495,2510,2513,2518,2524,2461,2472,2477,3
31008,2509,203.94,8.81,5.46,2.12,-10.37,-0.07,0.06,-0.02,206.11,203.59,10.74,1.03,6.09,-8.62,2495,2510,2513,2518,2524,2461,2472,2477,3
31009,2509,203.53,8.81,5.46,2.12,-10.36,-0.07,0.07,-0.02,205.71,203.99,10.67,1.02,6.1,-8.63,2495,2510,2513,2518,2524,2461,2472,2477,3
31010,2509,203.11,8.8,5.46,2.12,-10.36,-0.08,0.07,-0.02,205.3,204.39,10.61,1.01,6.11,-8.64,2495,2510,2513,2518,2524,2461,2472,2477,3
31011,2509,202.7,8.8,5.46,2.12,-10.36,-0.08,0.08,-0.02,204.9,204.8,10.54,1.01,6.12,-8.65,2495,2510,2513,2518,2524,2461,2472,2477,3
31012,2509,202.28,8.8,5.46,2.12,-10.35,-0.08,0.08,-0.02,204.39,205.35,10.47,1.0,6.13,-8.66,2495,2510,2513,2518,2524,2461,2472,2477,3
31013,2509,201.87,8.8,5.46,2.12,-10.35,-0.08,0.09,-0.02,204.09,205.65,10.41,1.0,6.16,-8.68,2495,2510,2513,2518,2524,2461,2472,2477,3
31014,2509,201.45,8.79,5.46,2.12,-10.35,-0.08,0.09,-0.02,203.64,206.06,10.35,0.99,6.17,-8.69,2495,2510,2513,2518,2524,2461,2472,2477,3
31015,2509,201.03,8.79,5.46,2.12,-10.34,-0.08,0.1,-0.02,203.18,206.52,10.28,0.98,6.19,-8.7,2495,2510,2513,2518,2524,2461,2472,2477,3
31016,2509,200.61,8.79,5.46,2.12,-10.34,-0.08,0.1,-0.02,202.78,206.97,10.21,0.98,6.21,-8.71,2495,2510,2513,2518,2524,2461,2472,2477,3
31017,2509,200.2,8.78,5.46,2.12,-10.34,-0.08,0.11,-0.02,202.37,207.37,10.14,0.97,6.24,-8.73,2495,2510,2513,2518,2524,2461,2472,2477,3
31018,2509,199.79,8.78,5.46,2.12,-10.33,-0.08,0.11,-0.02,201.97,207.78,10.07,0.96,6.26,-8.74,2495,2510,2513,2518,2524,2461,2472,2477,3
31019,2509,199.37,8.78,5.46,2.12,-10.33,-0.08,0.12,-0.02,201.56,208.23,10.0,0.96,6.28,-8.75,2495,2510,2513,2518,2524,2461,2472,2477,3
31020,2509,198.96,8.78,5.46,2.12,-10.32,-0.08,0.12,-0.02,201.11,208.69,9.93,0.95,6.31,-8.76,2495,2510,2513,2518,2524,2461,2472,2477,3
31021,2509,198.54,8.77,5.46,2.12,-10.32,-0.08,0.12,-0.02,200.71,209.09,9.87,0.95,6.35,-8.78,2495,2510,2513,2518,2524,2461,2472,2477,3
31022,2509,198.13,8.77,5.46,2.12,-10.31,-0.08,0.13,-0.02,200.3,209.5,9.81,0.94,6.39,-8.79,2495,2510,2513,2518,2524,2461,2472,2477,3
31023,2509,197.72,8.77,5.46,2.12,-10.31,-0.08,0.13,-0.02,199.9,209.9,9.76,0.94,6.43,-8.8,2495,2510,2513,2518,2524,2461,2472,2477,3
31024,2509,197.3,8.76,5.46,2.12,-10.3,-0.08,0.13,-0.02,199.49,210.31,9.7,0.93,6.47,-8.82,2495,2510,2513,2518,2524,2461,2472,2477,3
31025,2509,196.89,8.76,5.46,2.12,-10.3,-0.08,0.14,-0.02,199.04,210.76,9.64,0.93,6.51,-8.83,2495,2510,2513,2518,2524,2461,2472,2477,3
31026,2509,196.47,8.76,5.46,2.12,-10.29,-0.09,0.14,-0.02,198.63,211.16,9.58,0.92,6.56,-8.84,2495,2510,2513,2518,2524,2461,2472,2477,3
31027,2509,196.06,8.75,5.46,2.12,-10.28,-0.09,0.14,-0.02,198.23,211.57,9.53,0.92,6.61,-8.86,2495,2510,2513,2518,2524,2461,2472,2477,3
31028,2509,195.66,8.75,5.46,2.12,-10.28,-0.09,0.14,-0.02,197.82,212.02,9.48,0.91,6.66,-8.87,2495,2510,2513,2518,2524,2461,2472,2477,3
31029,2509,195.25,8.75,5.46,2.12,-10.27,-0.09,0.14,-0.02,197.42,212.43,9.44,0.91,6.73,-8.88,2495,2510,2513,2518,2524,2461,2472,2477,3
31030,2509,194.84,8.74,5.46,2.12,-10.27,-0.09,0.14,-0.02,197.02,212.83,9.4,0.91,6.79,-8.9,2495,2510,2513,2518,2524,2461,2472,2477,3
31031,2509,194.44,8.74,5.46,2.12,-10.26,-0.09,0.14,-0.02,196.61,213.23,9.36,0.9,6.85,-8.91,2495,2510,2513,2518,2524,2461,2472,2477,3
31032,2509,194.03,8.74,5.46,2.12,-10.26,-0.09,0.14,-0.02,196.21,213.64,9.32,0.9,6.92,-8.92,2495,2510,2513,2518,2524,2461,2472,2477,3
31033,2509,193.63,8.73,5.46,2.12,-10.25,-0.09,0.14,-0.02,195.8,214.04,9.27,0.89,6.99,-8.94,2495,2510,2513,2518,2524,2461,2472,2477,3
31034,2509,193.22,8.73,5.46,2.12,-10.24,-0.09,0.14,-0.02,195.4,214.45,9.22,0.89,7.05,-8.95,2495,2510,2513,2518,2524,2461,2472,2477,3
31035,2509,192.82,8.72,5.46,2.12,-10.24,-0.09,0.14,-0.02,195.0,214.85,9.17,0.89,7.12,-8.96,2495,2510,2513,2518,2524,2461,2472,2477,3
31036,2509,192.41,8.72,5.46,2.12,-10.23,-0.09,0.14,-0.02,194.59,215.26,9.12,0.88,7.19,-8.98,2495,2510,2513,2518,2524,2461,2472,2477,3
31037,2509,192.01,8.72,5.46,2.12,-10.23,-0.09,0.14,-0.02,194.19,215.66,9.08,0.88,7.26,-8.99,2495,2510,2513,2518,2524,2461,2472,2477,3
31038,2509,191.6,8.71,5.46,2.12,-10.22,-0.09,0.14,-0.02,193.78,216.12,9.03,0.87,7.34,-9.0,2495,2510,2513,2518,2524,2461,2472,2477,3
